Timestamp,User Count,Type,Name,Requests/s,Failures/s,50%,66%,75%,80%,90%,95%,98%,99%,99.9%,99.99%,100%,Total Request Count,Total Failure Count,Total Median Response Time,Total Average Response Time,Total Min Response Time,Total Max Response Time,Total Average Content Size
1780496375,0,,Aggregated,0.000000,0.000000,N/A,N/A,N/A,N/A,N/A,N/A,N/A,N/A,N/A,N/A,N/A,0,0,0,0.0,0,0,0
1780496376,5,GET,/glossaries/,0.000000,0.000000,0,0,0,0,0,0,0,0,0,0,0,5,0,36,36.819169399677776,31.789582999408594,43.953904998488724,6657.0
1780496376,5,,Aggregated,0.000000,0.000000,0,0,0,0,0,0,0,0,0,0,0,5,0,36,36.819169399677776,31.789582999408594,43.953904998488724,6657.0
1780496377,5,GET,/glossaries/,0.000000,0.000000,7,7,7,7,7,7,7,7,7,7,7,8,0,32,25.431115749597666,5.92237999990175,43.953904998488724,6657.0
1780496377,5,,Aggregated,0.000000,0.000000,7,7,7,7,7,7,7,7,7,7,7,8,0,32,25.431115749597666,5.92237999990175,43.953904998488724,6657.0
1780496378,5,GET,/glossaries/,5.000000,0.000000,6,6,7,7,7,7,7,7,7,7,7,11,0,7,19.808255636235117,4.541579000942875,43.953904998488724,6657.0
1780496378,5,,Aggregated,5.000000,0.000000,6,6,7,7,7,7,7,7,7,7,7,11,0,7,19.808255636235117,4.541579000942875,43.953904998488724,6657.0
1780496379,5,GET,/glossaries/,3.000000,0.000000,5,5,6,7,7,7,7,7,7,7,7,14,0,6,16.679919642748636,4.541579000942875,43.953904998488724,6657.0
1780496379,5,,Aggregated,3.000000,0.000000,5,5,6,7,7,7,7,7,7,7,7,14,0,6,16.679919642748636,4.541579000942875,43.953904998488724,6657.0
1780496380,5,GET,/glossaries/,2.666667,0.000000,5,6,6,7,7,7,7,7,7,7,7,15,0,6,15.96692146655793,4.541579000942875,43.953904998488724,6657.0
1780496380,5,,Aggregated,2.666667,0.000000,5,6,6,7,7,7,7,7,7,7,7,15,0,6,15.96692146655793,4.541579000942875,43.953904998488724,6657.0
1780496381,5,GET,/glossaries/,2.750000,0.000000,5,5,6,6,7,7,7,7,7,7,7,19,0,5,13.63851494716073,4.455631000382709,43.953904998488724,6657.0
1780496381,5,,Aggregated,2.750000,0.000000,5,5,6,6,7,7,7,7,7,7,7,19,0,5,13.63851494716073,4.455631000382709,43.953904998488724,6657.0
1780496382,5,GET,/glossaries/,2.800000,0.000000,5,5,6,6,7,7,7,7,7,7,7,21,0,5,12.780985952174108,4.455631000382709,43.953904998488724,6657.0
1780496382,5,,Aggregated,2.800000,0.000000,5,5,6,6,7,7,7,7,7,7,7,21,0,5,12.780985952174108,4.455631000382709,43.953904998488724,6657.0
1780496383,5,GET,/glossaries/,2.800000,0.000000,5,5,6,6,7,7,7,7,7,7,7,22,0,5,12.471825181654077,4.455631000382709,43.953904998488724,6657.0
1780496383,5,,Aggregated,2.800000,0.000000,5,5,6,6,7,7,7,7,7,7,7,22,0,5,12.471825181654077,4.455631000382709,43.953904998488724,6657.0
1780496384,6,GET,/glossaries/,2.714286,0.000000,5,5,6,6,7,7,7,7,7,7,7,27,0,5,11.164785814765276,4.455631000382709,43.953904998488724,6657.0
1780496384,6,,Aggregated,2.714286,0.000000,5,5,6,6,7,7,7,7,7,7,7,27,0,5,11.164785814765276,4.455631000382709,43.953904998488724,6657.0
1780496385,6,GET,/glossaries/,2.750000,0.000000,5,5,5,6,7,7,7,7,7,7,7,30,0,5,10.545605866536789,4.455631000382709,43.953904998488724,6657.0
1780496385,6,,Aggregated,2.750000,0.000000,5,5,5,6,7,7,7,7,7,7,7,30,0,5,10.545605866536789,4.455631000382709,43.953904998488724,6657.0
1780496386,6,GET,/glossaries/,2.555556,0.000000,5,5,5,5,6,7,7,7,7,7,7,32,0,5,10.215804937445228,4.455631000382709,43.953904998488724,6657.0
1780496386,6,,Aggregated,2.555556,0.000000,5,5,5,5,6,7,7,7,7,7,7,32,0,5,10.215804937445228,4.455631000382709,43.953904998488724,6657.0
1780496387,6,GET,/glossaries/,2.700000,0.000000,5,5,5,5,6,6,7,7,7,7,7,36,0,5,9.58597155552828,3.4847530005208682,43.953904998488724,6657.0
1780496387,6,,Aggregated,2.700000,0.000000,5,5,5,5,6,6,7,7,7,7,7,36,0,5,9.58597155552828,3.4847530005208682,43.953904998488724,6657.0
1780496388,6,GET,/glossaries/,2.600000,0.000000,5,5,5,5,6,6,7,7,7,7,7,39,0,5,9.26525464101593,3.4847530005208682,43.953904998488724,6657.0
1780496388,6,,Aggregated,2.600000,0.000000,5,5,5,5,6,6,7,7,7,7,7,39,0,5,9.26525464101593,3.4847530005208682,43.953904998488724,6657.0
1780496389,6,GET,/glossaries/,2.700000,0.000000,5,5,5,5,6,6,7,7,7,7,7,43,0,5,8.87950602322404,3.4847530005208682,43.953904998488724,6657.0
1780496389,6,,Aggregated,2.700000,0.000000,5,5,5,5,6,6,7,7,7,7,7,43,0,5,8.87950602322404,3.4847530005208682,43.953904998488724,6657.0
1780496390,6,GET,/glossaries/,2.800000,0.000000,5,5,5,5,6,6,7,7,7,7,7,46,0,5,8.64864223908428,3.4847530005208682,43.953904998488724,6657.0
1780496390,6,,Aggregated,2.800000,0.000000,5,5,5,5,6,6,7,7,7,7,7,46,0,5,8.64864223908428,3.4847530005208682,43.953904998488724,6657.0
1780496391,6,GET,/glossaries/,3.000000,0.000000,5,5,5,6,6,6,7,7,7,7,7,48,0,5,8.5247964999553,3.4847530005208682,43.953904998488724,6657.0
1780496391,6,,Aggregated,3.000000,0.000000,5,5,5,6,6,6,7,7,7,7,7,48,0,5,8.5247964999553,3.4847530005208682,43.953904998488724,6657.0
1780496392,7,GET,/glossaries/,3.000000,0.000000,5,5,6,6,6,7,8,8,8,8,8,53,0,5,8.274689075476072,3.4847530005208682,43.953904998488724,6657.0
1780496392,7,,Aggregated,3.000000,0.000000,5,5,6,6,6,7,8,8,8,8,8,53,0,5,8.274689075476072,3.4847530005208682,43.953904998488724,6657.0
1780496393,7,GET,/glossaries/,2.900000,0.000000,5,5,6,6,6,6,8,8,8,8,8,57,0,5,8.056674035112353,3.4847530005208682,43.953904998488724,6657.0
1780496393,7,,Aggregated,2.900000,0.000000,5,5,6,6,6,6,8,8,8,8,8,57,0,5,8.056674035112353,3.4847530005208682,43.953904998488724,6657.0
1780496394,7,GET,/glossaries/,3.100000,0.000000,5,5,6,6,6,6,8,8,8,8,8,58,0,5,8.012122879335948,3.4847530005208682,43.953904998488724,6657.0
1780496394,7,,Aggregated,3.100000,0.000000,5,5,6,6,6,6,8,8,8,8,8,58,0,5,8.012122879335948,3.4847530005208682,43.953904998488724,6657.0
1780496395,7,GET,/glossaries/,3.300000,0.000000,5,5,6,6,6,6,8,8,8,8,8,62,0,5,7.807694871013565,3.4847530005208682,43.953904998488724,6657.0
1780496395,7,,Aggregated,3.300000,0.000000,5,5,6,6,6,6,8,8,8,8,8,62,0,5,7.807694871013565,3.4847530005208682,43.953904998488724,6657.0
1780496396,7,GET,/glossaries/,3.400000,0.000000,5,5,6,6,6,6,8,8,8,8,8,66,0,5,7.639157969744261,3.4847530005208682,43.953904998488724,6657.0
1780496396,7,,Aggregated,3.400000,0.000000,5,5,6,6,6,6,8,8,8,8,8,66,0,5,7.639157969744261,3.4847530005208682,43.953904998488724,6657.0
1780496397,7,GET,/glossaries/,3.300000,0.000000,5,5,6,6,6,6,8,8,8,8,8,69,0,5,7.540446130471959,3.4847530005208682,43.953904998488724,6657.0
1780496397,7,,Aggregated,3.300000,0.000000,5,5,6,6,6,6,8,8,8,8,8,69,0,5,7.540446130471959,3.4847530005208682,43.953904998488724,6657.0
1780496398,7,GET,/glossaries/,3.200000,0.000000,5,5,6,6,6,6,8,8,8,8,8,74,0,5,7.389352027063511,3.4847530005208682,43.953904998488724,6657.0
1780496398,7,,Aggregated,3.200000,0.000000,5,5,6,6,6,6,8,8,8,8,8,74,0,5,7.389352027063511,3.4847530005208682,43.953904998488724,6657.0
1780496399,7,GET,/glossaries/,3.400000,0.000000,5,5,6,6,6,6,8,8,8,8,8,78,0,5,7.270671089734092,3.4847530005208682,43.953904998488724,6657.0
1780496399,7,,Aggregated,3.400000,0.000000,5,5,6,6,6,6,8,8,8,8,8,78,0,5,7.270671089734092,3.4847530005208682,43.953904998488724,6657.0
1780496400,8,GET,/glossaries/,3.400000,0.000000,5,5,6,6,6,7,8,8,8,8,8,83,0,5,7.158228409617188,3.4847530005208682,43.953904998488724,6657.0
1780496400,8,,Aggregated,3.400000,0.000000,5,5,6,6,6,7,8,8,8,8,8,83,0,5,7.158228409617188,3.4847530005208682,43.953904998488724,6657.0
1780496401,8,GET,/glossaries/,3.400000,0.000000,5,5,6,6,6,6,7,7,7,7,7,85,0,5,7.1164266705797194,3.4847530005208682,43.953904998488724,6657.0
1780496401,8,,Aggregated,3.400000,0.000000,5,5,6,6,6,6,7,7,7,7,7,85,0,5,7.1164266705797194,3.4847530005208682,43.953904998488724,6657.0
1780496402,8,GET,/glossaries/,3.500000,0.000000,5,5,5,6,6,6,7,7,7,7,7,87,0,5,7.070641873557262,3.4847530005208682,43.953904998488724,6657.0
1780496402,8,,Aggregated,3.500000,0.000000,5,5,5,6,6,6,7,7,7,7,7,87,0,5,7.070641873557262,3.4847530005208682,43.953904998488724,6657.0
1780496403,8,GET,/glossaries/,3.800000,0.000000,5,5,5,6,6,6,7,7,7,7,7,94,0,5,6.945934457438311,3.4847530005208682,43.953904998488724,6657.0
1780496403,8,,Aggregated,3.800000,0.000000,5,5,5,6,6,6,7,7,7,7,7,94,0,5,6.945934457438311,3.4847530005208682,43.953904998488724,6657.0
1780496404,8,GET,/glossaries/,3.500000,0.000000,5,5,5,6,6,6,7,7,7,7,7,97,0,5,6.894221381445118,3.4847530005208682,43.953904998488724,6657.0
1780496404,8,,Aggregated,3.500000,0.000000,5,5,5,6,6,6,7,7,7,7,7,97,0,5,6.894221381445118,3.4847530005208682,43.953904998488724,6657.0
1780496405,8,GET,/glossaries/,3.400000,0.000000,5,5,5,6,6,6,7,7,7,7,7,101,0,5,6.818696217835329,3.4847530005208682,43.953904998488724,6657.0
1780496405,8,,Aggregated,3.400000,0.000000,5,5,5,6,6,6,7,7,7,7,7,101,0,5,6.818696217835329,3.4847530005208682,43.953904998488724,6657.0
1780496406,8,GET,/glossaries/,3.700000,0.000000,5,5,5,6,6,6,7,7,7,7,7,107,0,5,6.728467261713819,3.4847530005208682,43.953904998488724,6657.0
1780496406,8,,Aggregated,3.700000,0.000000,5,5,5,6,6,6,7,7,7,7,7,107,0,5,6.728467261713819,3.4847530005208682,43.953904998488724,6657.0
1780496407,8,GET,/glossaries/,3.900000,0.000000,5,5,5,5,6,6,7,7,7,7,7,112,0,5,6.651687910756924,3.4847530005208682,43.953904998488724,6657.0
1780496407,8,,Aggregated,3.900000,0.000000,5,5,5,5,6,6,7,7,7,7,7,112,0,5,6.651687910756924,3.4847530005208682,43.953904998488724,6657.0
1780496408,9,GET,/glossaries/,3.900000,0.000000,5,5,5,6,6,7,7,7,7,7,7,115,0,5,6.634107634818065,3.4847530005208682,43.953904998488724,6657.0
1780496408,9,,Aggregated,3.900000,0.000000,5,5,5,6,6,7,7,7,7,7,7,115,0,5,6.634107634818065,3.4847530005208682,43.953904998488724,6657.0
1780496409,9,GET,/glossaries/,4.000000,0.000000,5,5,5,5,6,6,7,7,7,7,7,120,0,5,6.54201170837041,3.4847530005208682,43.953904998488724,6657.0
1780496409,9,,Aggregated,4.000000,0.000000,5,5,5,5,6,6,7,7,7,7,7,120,0,5,6.54201170837041,3.4847530005208682,43.953904998488724,6657.0
1780496410,9,GET,/glossaries/,4.300000,0.000000,5,5,5,5,6,6,7,7,7,7,7,125,0,5,6.48576011203113,3.4847530005208682,43.953904998488724,6657.0
1780496410,9,,Aggregated,4.300000,0.000000,5,5,5,5,6,6,7,7,7,7,7,125,0,5,6.48576011203113,3.4847530005208682,43.953904998488724,6657.0
1780496411,9,GET,/glossaries/,4.400000,0.000000,5,5,5,5,6,6,7,7,7,7,7,131,0,5,6.425627893145074,3.4847530005208682,43.953904998488724,6657.0
1780496411,9,,Aggregated,4.400000,0.000000,5,5,5,5,6,6,7,7,7,7,7,131,0,5,6.425627893145074,3.4847530005208682,43.953904998488724,6657.0
1780496412,9,GET,/glossaries/,4.100000,0.000000,5,5,5,5,6,6,7,7,7,7,7,135,0,5,6.378726503734705,3.4847530005208682,43.953904998488724,6657.0
1780496412,9,,Aggregated,4.100000,0.000000,5,5,5,5,6,6,7,7,7,7,7,135,0,5,6.378726503734705,3.4847530005208682,43.953904998488724,6657.0
1780496413,9,GET,/glossaries/,4.200000,0.000000,5,5,5,5,6,6,7,7,7,7,7,139,0,5,6.353074417295326,3.4847530005208682,43.953904998488724,6657.0
1780496413,9,,Aggregated,4.200000,0.000000,5,5,5,5,6,6,7,7,7,7,7,139,0,5,6.353074417295326,3.4847530005208682,43.953904998488724,6657.0
1780496414,9,GET,/glossaries/,4.700000,0.000000,5,5,5,5,6,6,7,7,7,7,7,145,0,5,6.29253255864224,3.4847530005208682,43.953904998488724,6657.0
1780496414,9,,Aggregated,4.700000,0.000000,5,5,5,5,6,6,7,7,7,7,7,145,0,5,6.29253255864224,3.4847530005208682,43.953904998488724,6657.0
1780496415,9,GET,/glossaries/,4.700000,0.000000,5,5,5,5,6,6,7,7,7,7,7,149,0,5,6.266401375863848,3.4847530005208682,43.953904998488724,6657.0
1780496415,9,,Aggregated,4.700000,0.000000,5,5,5,5,6,6,7,7,7,7,7,149,0,5,6.266401375863848,3.4847530005208682,43.953904998488724,6657.0
1780496416,10,GET,/glossaries/,4.500000,0.000000,5,5,5,6,6,6,7,7,7,7,7,152,0,5,6.258470407924745,3.4847530005208682,43.953904998488724,6657.0
1780496416,10,,Aggregated,4.500000,0.000000,5,5,5,6,6,6,7,7,7,7,7,152,0,5,6.258470407924745,3.4847530005208682,43.953904998488724,6657.0
1780496417,10,GET,/glossaries/,4.600000,0.000000,5,5,5,6,6,6,7,7,7,7,7,157,0,5,6.218726165646151,3.4847530005208682,43.953904998488724,6657.0
1780496417,10,,Aggregated,4.600000,0.000000,5,5,5,6,6,6,7,7,7,7,7,157,0,5,6.218726165646151,3.4847530005208682,43.953904998488724,6657.0
1780496418,10,GET,/glossaries/,4.900000,0.000000,5,5,5,6,6,6,7,7,7,7,7,163,0,5,6.175909920271427,3.4847530005208682,43.953904998488724,6657.0
1780496418,10,,Aggregated,4.900000,0.000000,5,5,5,6,6,6,7,7,7,7,7,163,0,5,6.175909920271427,3.4847530005208682,43.953904998488724,6657.0
1780496419,10,GET,/glossaries/,4.600000,0.000000,5,5,5,6,6,6,7,7,7,7,7,168,0,5,6.14409316669177,3.4847530005208682,43.953904998488724,6657.0
1780496419,10,,Aggregated,4.600000,0.000000,5,5,5,6,6,6,7,7,7,7,7,168,0,5,6.14409316669177,3.4847530005208682,43.953904998488724,6657.0
1780496420,10,GET,/glossaries/,4.600000,0.000000,5,5,5,6,6,6,7,7,7,7,7,175,0,5,6.088612628591363,3.4847530005208682,43.953904998488724,6657.0
1780496420,10,,Aggregated,4.600000,0.000000,5,5,5,6,6,6,7,7,7,7,7,175,0,5,6.088612628591363,3.4847530005208682,43.953904998488724,6657.0
1780496421,10,GET,/glossaries/,4.500000,0.000000,5,5,5,6,6,6,7,7,7,7,7,178,0,5,6.07248239328001,3.4847530005208682,43.953904998488724,6657.0
1780496421,10,,Aggregated,4.500000,0.000000,5,5,5,6,6,6,7,7,7,7,7,178,0,5,6.07248239328001,3.4847530005208682,43.953904998488724,6657.0
1780496422,10,GET,/glossaries/,4.900000,0.000000,5,5,6,6,6,6,7,7,7,7,7,181,0,5,6.065729392292229,3.4847530005208682,43.953904998488724,6657.0
1780496422,10,,Aggregated,4.900000,0.000000,5,5,6,6,6,6,7,7,7,7,7,181,0,5,6.065729392292229,3.4847530005208682,43.953904998488724,6657.0
1780496423,10,GET,/glossaries/,5.000000,0.000000,5,5,5,6,6,6,7,7,7,7,7,188,0,5,6.023710409592357,3.4847530005208682,43.953904998488724,6657.0
1780496423,10,,Aggregated,5.000000,0.000000,5,5,5,6,6,6,7,7,7,7,7,188,0,5,6.023710409592357,3.4847530005208682,43.953904998488724,6657.0
1780496424,11,GET,/glossaries/,4.800000,0.000000,5,5,5,6,6,6,8,8,8,8,8,195,0,5,6.000925784638429,3.4847530005208682,43.953904998488724,6657.0
1780496424,11,,Aggregated,4.800000,0.000000,5,5,5,6,6,6,8,8,8,8,8,195,0,5,6.000925784638429,3.4847530005208682,43.953904998488724,6657.0
1780496425,11,GET,/glossaries/,4.900000,0.000000,5,5,5,5,6,6,8,8,8,8,8,201,0,5,5.967759776150834,3.4847530005208682,43.953904998488724,6657.0
1780496425,11,,Aggregated,4.900000,0.000000,5,5,5,5,6,6,8,8,8,8,8,201,0,5,5.967759776150834,3.4847530005208682,43.953904998488724,6657.0
1780496426,11,GET,/glossaries/,5.000000,0.000000,5,5,5,5,6,6,6,8,8,8,8,205,0,5,5.953638648808432,3.4847530005208682,43.953904998488724,6657.0
1780496426,11,,Aggregated,5.000000,0.000000,5,5,5,5,6,6,6,8,8,8,8,205,0,5,5.953638648808432,3.4847530005208682,43.953904998488724,6657.0
1780496427,11,GET,/glossaries/,5.200000,0.000000,5,5,5,5,6,6,6,8,8,8,8,213,0,5,5.912889629148317,3.4847530005208682,43.953904998488724,6657.0
1780496427,11,,Aggregated,5.200000,0.000000,5,5,5,5,6,6,6,8,8,8,8,213,0,5,5.912889629148317,3.4847530005208682,43.953904998488724,6657.0
1780496428,11,GET,/glossaries/,5.100000,0.000000,5,5,5,5,6,6,6,8,8,8,8,216,0,5,5.902457078743989,3.4847530005208682,43.953904998488724,6657.0
1780496428,11,,Aggregated,5.100000,0.000000,5,5,5,5,6,6,6,8,8,8,8,216,0,5,5.902457078743989,3.4847530005208682,43.953904998488724,6657.0
1780496429,11,GET,/glossaries/,5.400000,0.000000,5,5,5,5,6,6,6,8,8,8,8,224,0,5,5.8778593348652715,3.4847530005208682,43.953904998488724,6657.0
1780496429,11,,Aggregated,5.400000,0.000000,5,5,5,5,6,6,6,8,8,8,8,224,0,5,5.8778593348652715,3.4847530005208682,43.953904998488724,6657.0
1780496430,11,GET,/glossaries/,5.400000,0.000000,5,5,5,5,6,6,8,8,8,8,8,226,0,5,5.870682637216095,3.4847530005208682,43.953904998488724,6657.0
1780496430,11,,Aggregated,5.400000,0.000000,5,5,5,5,6,6,8,8,8,8,8,226,0,5,5.870682637216095,3.4847530005208682,43.953904998488724,6657.0
1780496431,11,GET,/glossaries/,5.200000,0.000000,5,5,5,5,6,7,7,8,8,8,8,233,0,5,5.864895390609705,3.4847530005208682,43.953904998488724,6657.0
1780496431,11,,Aggregated,5.200000,0.000000,5,5,5,5,6,7,7,8,8,8,8,233,0,5,5.864895390609705,3.4847530005208682,43.953904998488724,6657.0
1780496432,12,GET,/glossaries/,5.500000,0.000000,5,5,5,5,6,7,7,8,8,8,8,238,0,5,5.854092382412833,3.4847530005208682,43.953904998488724,6657.0
1780496432,12,,Aggregated,5.500000,0.000000,5,5,5,5,6,7,7,8,8,8,8,238,0,5,5.854092382412833,3.4847530005208682,43.953904998488724,6657.0
1780496433,12,GET,/glossaries/,5.200000,0.000000,5,5,5,5,6,7,7,7,7,7,7,245,0,5,5.8278254000544285,3.4847530005208682,43.953904998488724,6657.0
1780496433,12,,Aggregated,5.200000,0.000000,5,5,5,5,6,7,7,7,7,7,7,245,0,5,5.8278254000544285,3.4847530005208682,43.953904998488724,6657.0
1780496434,12,GET,/glossaries/,5.400000,0.000000,5,5,5,5,6,7,7,7,7,7,7,250,0,5,5.813233692046197,3.4847530005208682,43.953904998488724,6657.0
1780496434,12,,Aggregated,5.400000,0.000000,5,5,5,5,6,7,7,7,7,7,7,250,0,5,5.813233692046197,3.4847530005208682,43.953904998488724,6657.0
1780496435,12,GET,/glossaries/,5.400000,0.000000,5,5,5,6,6,7,7,7,7,7,7,257,0,5,5.7980852568535575,3.4847530005208682,43.953904998488724,6657.0
1780496435,12,,Aggregated,5.400000,0.000000,5,5,5,6,6,7,7,7,7,7,7,257,0,5,5.7980852568535575,3.4847530005208682,43.953904998488724,6657.0
1780496436,12,GET,/glossaries/,5.600000,0.000000,5,5,5,6,6,7,7,7,7,7,7,260,0,5,5.790392096199726,3.4847530005208682,43.953904998488724,6657.0
1780496436,12,,Aggregated,5.600000,0.000000,5,5,5,6,6,7,7,7,7,7,7,260,0,5,5.790392096199726,3.4847530005208682,43.953904998488724,6657.0
1780496437,12,GET,/glossaries/,5.400000,0.000000,5,5,6,6,6,7,7,7,7,7,7,269,0,5,5.780681669184357,3.4847530005208682,43.953904998488724,6657.0
1780496437,12,,Aggregated,5.400000,0.000000,5,5,6,6,6,7,7,7,7,7,7,269,0,5,5.780681669184357,3.4847530005208682,43.953904998488724,6657.0
1780496438,12,GET,/glossaries/,5.600000,0.000000,5,5,6,6,7,7,7,9,9,9,9,275,0,5,5.786093334582719,3.4847530005208682,43.953904998488724,6657.0
1780496438,12,,Aggregated,5.600000,0.000000,5,5,6,6,7,7,7,9,9,9,9,275,0,5,5.786093334582719,3.4847530005208682,43.953904998488724,6657.0
1780496439,12,GET,/glossaries/,5.500000,0.000000,5,5,6,6,7,7,7,9,9,9,9,281,0,5,5.772362327431739,3.4847530005208682,43.953904998488724,6657.0
1780496439,12,,Aggregated,5.500000,0.000000,5,5,6,6,7,7,7,9,9,9,9,281,0,5,5.772362327431739,3.4847530005208682,43.953904998488724,6657.0
1780496440,13,GET,/glossaries/,5.600000,0.000000,5,5,6,6,6,7,7,9,9,9,9,290,0,5,5.741124410363635,3.3528399999340763,43.953904998488724,6657.0
1780496440,13,,Aggregated,5.600000,0.000000,5,5,6,6,6,7,7,9,9,9,9,290,0,5,5.741124410363635,3.3528399999340763,43.953904998488724,6657.0
1780496441,13,GET,/glossaries/,6.000000,0.000000,5,5,5,6,6,6,7,9,9,9,9,295,0,5,5.733037725446392,3.3528399999340763,43.953904998488724,6657.0
1780496441,13,,Aggregated,6.000000,0.000000,5,5,5,6,6,6,7,9,9,9,9,295,0,5,5.733037725446392,3.3528399999340763,43.953904998488724,6657.0
1780496442,13,GET,/glossaries/,6.000000,0.000000,5,5,5,6,6,6,7,9,9,9,9,303,0,5,5.7106785973974485,3.3528399999340763,43.953904998488724,6657.0
1780496442,13,,Aggregated,6.000000,0.000000,5,5,5,6,6,6,7,9,9,9,9,303,0,5,5.7106785973974485,3.3528399999340763,43.953904998488724,6657.0
1780496443,13,GET,/glossaries/,6.200000,0.000000,5,5,5,6,6,6,7,9,9,9,9,309,0,5,5.701431996800521,3.3528399999340763,43.953904998488724,6657.0
1780496443,13,,Aggregated,6.200000,0.000000,5,5,5,6,6,6,7,9,9,9,9,309,0,5,5.701431996800521,3.3528399999340763,43.953904998488724,6657.0
1780496444,13,GET,/glossaries/,6.100000,0.000000,5,5,5,5,6,6,7,9,9,9,9,317,0,5,5.681363618333373,3.3528399999340763,43.953904998488724,6657.0
1780496444,13,,Aggregated,6.100000,0.000000,5,5,5,5,6,6,7,9,9,9,9,317,0,5,5.681363618333373,3.3528399999340763,43.953904998488724,6657.0
1780496445,13,GET,/glossaries/,6.500000,0.000000,5,5,5,5,6,6,7,9,9,9,9,322,0,5,5.668404633572932,3.3528399999340763,43.953904998488724,6657.0
1780496445,13,,Aggregated,6.500000,0.000000,5,5,5,5,6,6,7,9,9,9,9,322,0,5,5.668404633572932,3.3528399999340763,43.953904998488724,6657.0
1780496446,13,GET,/glossaries/,6.600000,0.000000,5,5,5,5,6,6,7,9,9,9,9,334,0,5,5.657431275487865,3.3528399999340763,43.953904998488724,6657.0
1780496446,13,,Aggregated,6.600000,0.000000,5,5,5,5,6,6,7,9,9,9,9,334,0,5,5.657431275487865,3.3528399999340763,43.953904998488724,6657.0
1780496447,13,GET,/glossaries/,6.700000,0.000000,5,5,5,6,6,6,7,9,9,9,9,337,0,5,5.655838881339636,3.3528399999340763,43.953904998488724,6657.0
1780496447,13,,Aggregated,6.700000,0.000000,5,5,5,6,6,6,7,9,9,9,9,337,0,5,5.655838881339636,3.3528399999340763,43.953904998488724,6657.0
1780496448,14,GET,/glossaries/,6.400000,0.000000,5,5,5,5,6,6,7,7,7,7,7,344,0,5,5.6441142209709945,3.3528399999340763,43.953904998488724,6657.0
1780496448,14,,Aggregated,6.400000,0.000000,5,5,5,5,6,6,7,7,7,7,7,344,0,5,5.6441142209709945,3.3528399999340763,43.953904998488724,6657.0
1780496449,14,GET,/glossaries/,7.200000,0.000000,5,5,5,5,6,6,7,7,7,7,7,352,0,5,5.62386257957893,3.3528399999340763,43.953904998488724,6657.0
1780496449,14,,Aggregated,7.200000,0.000000,5,5,5,5,6,6,7,7,7,7,7,352,0,5,5.62386257957893,3.3528399999340763,43.953904998488724,6657.0
1780496450,14,GET,/glossaries/,6.900000,0.000000,5,5,5,5,6,6,7,7,7,7,7,359,0,5,5.61247727301307,3.3528399999340763,43.953904998488724,6657.0
1780496450,14,,Aggregated,6.900000,0.000000,5,5,5,5,6,6,7,7,7,7,7,359,0,5,5.61247727301307,3.3528399999340763,43.953904998488724,6657.0
1780496451,14,GET,/glossaries/,6.900000,0.000000,5,5,5,5,6,6,7,7,7,7,7,366,0,5,5.604431907138989,3.3528399999340763,43.953904998488724,6657.0
1780496451,14,,Aggregated,6.900000,0.000000,5,5,5,5,6,6,7,7,7,7,7,366,0,5,5.604431907138989,3.3528399999340763,43.953904998488724,6657.0
1780496452,14,GET,/glossaries/,6.900000,0.000000,5,5,5,5,6,6,7,7,7,7,7,374,0,5,5.597201465270262,3.3528399999340763,43.953904998488724,6657.0
1780496452,14,,Aggregated,6.900000,0.000000,5,5,5,5,6,6,7,7,7,7,7,374,0,5,5.597201465270262,3.3528399999340763,43.953904998488724,6657.0
1780496453,14,GET,/glossaries/,7.000000,0.000000,5,5,5,5,6,6,7,7,7,7,7,378,0,5,5.594676240771487,3.3528399999340763,43.953904998488724,6657.0
1780496453,14,,Aggregated,7.000000,0.000000,5,5,5,5,6,6,7,7,7,7,7,378,0,5,5.594676240771487,3.3528399999340763,43.953904998488724,6657.0
1780496454,14,GET,/glossaries/,7.100000,0.000000,5,5,5,5,6,6,7,7,7,7,7,387,0,5,5.578242335941374,3.3528399999340763,43.953904998488724,6657.0
1780496454,14,,Aggregated,7.100000,0.000000,5,5,5,5,6,6,7,7,7,7,7,387,0,5,5.578242335941374,3.3528399999340763,43.953904998488724,6657.0
1780496455,14,GET,/glossaries/,7.100000,0.000000,5,5,5,5,6,6,7,7,7,7,7,393,0,5,5.569563516566433,3.3528399999340763,43.953904998488724,6657.0
1780496455,14,,Aggregated,7.100000,0.000000,5,5,5,5,6,6,7,7,7,7,7,393,0,5,5.569563516566433,3.3528399999340763,43.953904998488724,6657.0
1780496456,15,GET,/glossaries/,6.800000,0.000000,5,5,5,5,6,6,7,7,7,7,7,404,0,5,5.55574878716029,3.3528399999340763,43.953904998488724,6657.0
1780496456,15,,Aggregated,6.800000,0.000000,5,5,5,5,6,6,7,7,7,7,7,404,0,5,5.55574878716029,3.3528399999340763,43.953904998488724,6657.0
1780496457,15,GET,/glossaries/,7.000000,0.000000,5,5,5,5,6,6,6,7,7,7,7,411,0,5,5.542897622896336,3.3528399999340763,43.953904998488724,6657.0
1780496457,15,,Aggregated,7.000000,0.000000,5,5,5,5,6,6,6,7,7,7,7,411,0,5,5.542897622896336,3.3528399999340763,43.953904998488724,6657.0
1780496458,15,GET,/glossaries/,7.400000,0.000000,5,5,5,5,6,6,6,7,7,7,7,419,0,5,5.5405544200749235,3.3528399999340763,43.953904998488724,6657.0
1780496458,15,,Aggregated,7.400000,0.000000,5,5,5,5,6,6,6,7,7,7,7,419,0,5,5.5405544200749235,3.3528399999340763,43.953904998488724,6657.0
1780496459,15,GET,/glossaries/,7.000000,0.000000,5,5,5,5,6,6,6,7,7,7,7,423,0,5,5.536502307351697,3.3528399999340763,43.953904998488724,6657.0
1780496459,15,,Aggregated,7.000000,0.000000,5,5,5,5,6,6,6,7,7,7,7,423,0,5,5.536502307351697,3.3528399999340763,43.953904998488724,6657.0
1780496460,15,GET,/glossaries/,7.300000,0.000000,5,5,5,5,6,6,6,7,7,7,7,433,0,5,5.516899254069161,3.3528399999340763,43.953904998488724,6657.0
1780496460,15,,Aggregated,7.300000,0.000000,5,5,5,5,6,6,6,7,7,7,7,433,0,5,5.516899254069161,3.3528399999340763,43.953904998488724,6657.0
1780496461,15,GET,/glossaries/,7.500000,0.000000,5,5,5,5,6,6,6,7,7,7,7,438,0,5,5.515758488611825,3.3528399999340763,43.953904998488724,6657.0
1780496461,15,,Aggregated,7.500000,0.000000,5,5,5,5,6,6,6,7,7,7,7,438,0,5,5.515758488611825,3.3528399999340763,43.953904998488724,6657.0
1780496462,15,GET,/glossaries/,7.000000,0.000000,5,5,5,5,6,6,6,7,7,7,7,446,0,5,5.506701139032713,3.3528399999340763,43.953904998488724,6657.0
1780496462,15,,Aggregated,7.000000,0.000000,5,5,5,5,6,6,6,7,7,7,7,446,0,5,5.506701139032713,3.3528399999340763,43.953904998488724,6657.0
1780496463,15,GET,/glossaries/,7.400000,0.000000,5,5,5,5,6,6,6,7,7,7,7,454,0,5,5.502959850236788,3.3528399999340763,43.953904998488724,6657.0
1780496463,15,,Aggregated,7.400000,0.000000,5,5,5,5,6,6,6,7,7,7,7,454,0,5,5.502959850236788,3.3528399999340763,43.953904998488724,6657.0
1780496464,16,GET,/glossaries/,7.400000,0.000000,5,5,5,5,6,6,7,8,8,8,8,461,0,5,5.505498288511935,3.3528399999340763,43.953904998488724,6657.0
1780496464,16,,Aggregated,7.400000,0.000000,5,5,5,5,6,6,7,8,8,8,8,461,0,5,5.505498288511935,3.3528399999340763,43.953904998488724,6657.0
1780496465,16,GET,/glossaries/,7.200000,0.000000,5,5,5,5,6,6,6,8,8,8,8,471,0,5,5.486796651816871,3.3528399999340763,43.953904998488724,6657.0
1780496465,16,,Aggregated,7.200000,0.000000,5,5,5,5,6,6,6,8,8,8,8,471,0,5,5.486796651816871,3.3528399999340763,43.953904998488724,6657.0
1780496466,16,GET,/glossaries/,7.700000,0.000000,5,5,5,5,6,6,6,8,8,8,8,476,0,5,5.482413563037094,3.3528399999340763,43.953904998488724,6657.0
1780496466,16,,Aggregated,7.700000,0.000000,5,5,5,5,6,6,6,8,8,8,8,476,0,5,5.482413563037094,3.3528399999340763,43.953904998488724,6657.0
1780496467,16,GET,/glossaries/,7.500000,0.000000,5,5,5,5,6,6,6,8,8,8,8,483,0,5,5.481430407873884,3.3528399999340763,43.953904998488724,6657.0
1780496467,16,,Aggregated,7.500000,0.000000,5,5,5,5,6,6,6,8,8,8,8,483,0,5,5.481430407873884,3.3528399999340763,43.953904998488724,6657.0
1780496468,16,GET,/glossaries/,7.500000,0.000000,5,5,5,5,6,6,6,8,8,8,8,492,0,5,5.467473662616332,3.3528399999340763,43.953904998488724,6657.0
1780496468,16,,Aggregated,7.500000,0.000000,5,5,5,5,6,6,6,8,8,8,8,492,0,5,5.467473662616332,3.3528399999340763,43.953904998488724,6657.0
1780496469,16,GET,/glossaries/,7.300000,0.000000,5,5,5,5,6,6,6,8,8,8,8,501,0,5,5.458907237537237,3.3528399999340763,43.953904998488724,6657.0
1780496469,16,,Aggregated,7.300000,0.000000,5,5,5,5,6,6,6,8,8,8,8,501,0,5,5.458907237537237,3.3528399999340763,43.953904998488724,6657.0
1780496470,16,GET,/glossaries/,7.300000,0.000000,5,5,5,5,6,6,6,8,8,8,8,510,0,5,5.446592403927307,3.3528399999340763,43.953904998488724,6657.0
1780496470,16,,Aggregated,7.300000,0.000000,5,5,5,5,6,6,6,8,8,8,8,510,0,5,5.446592403927307,3.3528399999340763,43.953904998488724,6657.0
1780496471,16,GET,/glossaries/,7.300000,0.000000,5,5,5,5,6,6,6,8,8,8,8,516,0,5,5.441735333332935,3.3528399999340763,43.953904998488724,6657.0
1780496471,16,,Aggregated,7.300000,0.000000,5,5,5,5,6,6,6,8,8,8,8,516,0,5,5.441735333332935,3.3528399999340763,43.953904998488724,6657.0
1780496472,17,GET,/glossaries/,7.800000,0.000000,5,5,5,5,6,6,7,8,8,8,8,526,0,5,5.437102629279418,3.3528399999340763,43.953904998488724,6657.0
1780496472,17,,Aggregated,7.800000,0.000000,5,5,5,5,6,6,7,8,8,8,8,526,0,5,5.437102629279418,3.3528399999340763,43.953904998488724,6657.0
1780496473,17,GET,/glossaries/,7.600000,0.000000,5,5,5,5,6,6,6,7,7,7,7,533,0,5,5.43779831706565,3.3528399999340763,43.953904998488724,6657.0
1780496473,17,,Aggregated,7.600000,0.000000,5,5,5,5,6,6,6,7,7,7,7,533,0,5,5.43779831706565,3.3528399999340763,43.953904998488724,6657.0
1780496474,17,GET,/glossaries/,7.900000,0.000000,5,5,5,5,6,6,6,7,7,7,7,543,0,5,5.430301758739278,3.3528399999340763,43.953904998488724,6657.0
1780496474,17,,Aggregated,7.900000,0.000000,5,5,5,5,6,6,6,7,7,7,7,543,0,5,5.430301758739278,3.3528399999340763,43.953904998488724,6657.0
1780496475,17,GET,/glossaries/,8.100000,0.000000,5,5,5,5,6,6,6,7,7,7,7,551,0,5,5.4240562685944065,3.3528399999340763,43.953904998488724,6657.0
1780496475,17,,Aggregated,8.100000,0.000000,5,5,5,5,6,6,6,7,7,7,7,551,0,5,5.4240562685944065,3.3528399999340763,43.953904998488724,6657.0
1780496476,17,GET,/glossaries/,7.800000,0.000000,5,5,5,5,6,6,6,7,7,7,7,559,0,5,5.41373086760974,3.3528399999340763,43.953904998488724,6657.0
1780496476,17,,Aggregated,7.800000,0.000000,5,5,5,5,6,6,6,7,7,7,7,559,0,5,5.41373086760974,3.3528399999340763,43.953904998488724,6657.0
1780496477,17,GET,/glossaries/,8.100000,0.000000,5,5,5,5,5,6,6,7,7,7,7,566,0,5,5.408310466417573,3.3528399999340763,43.953904998488724,6657.0
1780496477,17,,Aggregated,8.100000,0.000000,5,5,5,5,5,6,6,7,7,7,7,566,0,5,5.408310466417573,3.3528399999340763,43.953904998488724,6657.0
1780496478,17,GET,/glossaries/,8.100000,0.000000,5,5,5,5,6,6,7,7,7,7,7,574,0,5,5.405145331000636,3.3528399999340763,43.953904998488724,6657.0
1780496478,17,,Aggregated,8.100000,0.000000,5,5,5,5,6,6,7,7,7,7,7,574,0,5,5.405145331000636,3.3528399999340763,43.953904998488724,6657.0
1780496479,17,GET,/glossaries/,8.200000,0.000000,5,5,5,5,6,6,7,7,7,7,7,584,0,5,5.402605933207032,3.3528399999340763,43.953904998488724,6657.0
1780496479,17,,Aggregated,8.200000,0.000000,5,5,5,5,6,6,7,7,7,7,7,584,0,5,5.402605933207032,3.3528399999340763,43.953904998488724,6657.0
1780496480,18,GET,/glossaries/,8.200000,0.000000,5,5,5,5,6,6,7,7,7,7,7,594,0,5,5.399144249152564,3.3528399999340763,43.953904998488724,6657.0
1780496480,18,,Aggregated,8.200000,0.000000,5,5,5,5,6,6,7,7,7,7,7,594,0,5,5.399144249152564,3.3528399999340763,43.953904998488724,6657.0
1780496481,18,GET,/glossaries/,8.200000,0.000000,5,5,5,6,6,6,7,7,7,7,7,603,0,5,5.397642217244078,3.3528399999340763,43.953904998488724,6657.0
1780496481,18,,Aggregated,8.200000,0.000000,5,5,5,6,6,6,7,7,7,7,7,603,0,5,5.397642217244078,3.3528399999340763,43.953904998488724,6657.0
1780496482,18,GET,/glossaries/,8.400000,0.000000,5,5,6,6,6,7,7,7,7,7,7,611,0,5,5.399771643206729,3.3528399999340763,43.953904998488724,6657.0
1780496482,18,,Aggregated,8.400000,0.000000,5,5,6,6,6,7,7,7,7,7,7,611,0,5,5.399771643206729,3.3528399999340763,43.953904998488724,6657.0
1780496483,18,GET,/glossaries/,8.500000,0.000000,5,5,5,6,6,7,7,7,7,7,7,619,0,5,5.397050659126301,3.3528399999340763,43.953904998488724,6657.0
1780496483,18,,Aggregated,8.500000,0.000000,5,5,5,6,6,7,7,7,7,7,7,619,0,5,5.397050659126301,3.3528399999340763,43.953904998488724,6657.0
1780496484,18,GET,/glossaries/,8.600000,0.000000,5,5,5,6,6,7,7,7,7,7,7,630,0,5,5.386942931744714,3.3528399999340763,43.953904998488724,6657.0
1780496484,18,,Aggregated,8.600000,0.000000,5,5,5,6,6,7,7,7,7,7,7,630,0,5,5.386942931744714,3.3528399999340763,43.953904998488724,6657.0
1780496485,18,GET,/glossaries/,8.300000,0.000000,5,5,5,6,6,7,7,7,7,7,7,639,0,5,5.380630788734184,3.3528399999340763,43.953904998488724,6657.0
1780496485,18,,Aggregated,8.300000,0.000000,5,5,5,6,6,7,7,7,7,7,7,639,0,5,5.380630788734184,3.3528399999340763,43.953904998488724,6657.0
1780496486,18,GET,/glossaries/,8.600000,0.000000,5,5,5,6,6,7,7,7,7,7,7,647,0,5,5.376134007724677,3.3528399999340763,43.953904998488724,6657.0
1780496486,18,,Aggregated,8.600000,0.000000,5,5,5,6,6,7,7,7,7,7,7,647,0,5,5.376134007724677,3.3528399999340763,43.953904998488724,6657.0
1780496487,18,GET,/glossaries/,8.700000,0.000000,5,5,5,6,6,7,7,7,7,7,7,658,0,5,5.364439802424855,3.3528399999340763,43.953904998488724,6657.0
1780496487,18,,Aggregated,8.700000,0.000000,5,5,5,6,6,7,7,7,7,7,7,658,0,5,5.364439802424855,3.3528399999340763,43.953904998488724,6657.0
1780496488,19,GET,/glossaries/,8.800000,0.000000,5,5,5,6,6,7,7,8,8,8,8,670,0,5,5.364391028353512,3.3528399999340763,43.953904998488724,6657.0
1780496488,19,,Aggregated,8.800000,0.000000,5,5,5,6,6,7,7,8,8,8,8,670,0,5,5.364391028353512,3.3528399999340763,43.953904998488724,6657.0
1780496489,19,GET,/glossaries/,9.100000,0.000000,5,5,5,5,6,6,7,8,8,8,8,679,0,5,5.355094751098042,3.3528399999340763,43.953904998488724,6657.0
1780496489,19,,Aggregated,9.100000,0.000000,5,5,5,5,6,6,7,8,8,8,8,679,0,5,5.355094751098042,3.3528399999340763,43.953904998488724,6657.0
1780496490,19,GET,/glossaries/,9.300000,0.000000,5,5,5,6,6,6,7,8,8,8,8,685,0,5,5.354579839408572,3.3528399999340763,43.953904998488724,6657.0
1780496490,19,,Aggregated,9.300000,0.000000,5,5,5,6,6,6,7,8,8,8,8,685,0,5,5.354579839408572,3.3528399999340763,43.953904998488724,6657.0
1780496491,19,GET,/glossaries/,9.600000,0.000000,5,5,5,5,6,6,7,8,8,8,8,696,0,5,5.353923807464964,3.3528399999340763,43.953904998488724,6657.0
1780496491,19,,Aggregated,9.600000,0.000000,5,5,5,5,6,6,7,8,8,8,8,696,0,5,5.353923807464964,3.3528399999340763,43.953904998488724,6657.0
1780496492,19,GET,/glossaries/,9.400000,0.000000,5,5,5,5,6,6,7,8,8,8,8,707,0,5,5.355542987258154,3.3528399999340763,43.953904998488724,6657.0
1780496492,19,,Aggregated,9.400000,0.000000,5,5,5,5,6,6,7,8,8,8,8,707,0,5,5.355542987258154,3.3528399999340763,43.953904998488724,6657.0
1780496493,19,GET,/glossaries/,9.100000,0.000000,5,5,5,5,6,6,7,8,8,8,8,715,0,5,5.350905455929456,3.3528399999340763,43.953904998488724,6657.0
1780496493,19,,Aggregated,9.100000,0.000000,5,5,5,5,6,6,7,8,8,8,8,715,0,5,5.350905455929456,3.3528399999340763,43.953904998488724,6657.0
1780496494,19,GET,/glossaries/,9.300000,0.000000,5,5,5,5,6,6,7,8,8,8,8,726,0,5,5.343560820923206,3.3528399999340763,43.953904998488724,6657.0
1780496494,19,,Aggregated,9.300000,0.000000,5,5,5,5,6,6,7,8,8,8,8,726,0,5,5.343560820923206,3.3528399999340763,43.953904998488724,6657.0
1780496495,19,GET,/glossaries/,9.700000,0.000000,5,5,5,5,6,6,7,8,8,8,8,732,0,5,5.339696990422901,3.3528399999340763,43.953904998488724,6657.0
1780496495,19,,Aggregated,9.700000,0.000000,5,5,5,5,6,6,7,8,8,8,8,732,0,5,5.339696990422901,3.3528399999340763,43.953904998488724,6657.0
1780496496,20,GET,/glossaries/,9.500000,0.000000,5,5,5,5,6,6,7,8,8,8,8,747,0,5,5.3324361365272175,3.3528399999340763,43.953904998488724,6657.0
1780496496,20,,Aggregated,9.500000,0.000000,5,5,5,5,6,6,7,8,8,8,8,747,0,5,5.3324361365272175,3.3528399999340763,43.953904998488724,6657.0
1780496497,20,GET,/glossaries/,9.800000,0.000000,5,5,5,5,6,6,7,7,7,7,7,755,0,5,5.333622176141751,3.3528399999340763,43.953904998488724,6657.0
1780496497,20,,Aggregated,9.800000,0.000000,5,5,5,5,6,6,7,7,7,7,7,755,0,5,5.333622176141751,3.3528399999340763,43.953904998488724,6657.0
1780496498,20,GET,/glossaries/,9.600000,0.000000,5,5,5,5,6,6,7,7,7,7,7,766,0,5,5.322955266297493,3.3528399999340763,43.953904998488724,6657.0
1780496498,20,,Aggregated,9.600000,0.000000,5,5,5,5,6,6,7,7,7,7,7,766,0,5,5.322955266297493,3.3528399999340763,43.953904998488724,6657.0
1780496499,20,GET,/glossaries/,9.800000,0.000000,5,5,5,5,6,6,7,7,7,7,7,776,0,5,5.315419926525286,3.101308999248431,43.953904998488724,6657.0
1780496499,20,,Aggregated,9.800000,0.000000,5,5,5,5,6,6,7,7,7,7,7,776,0,5,5.315419926525286,3.101308999248431,43.953904998488724,6657.0
1780496500,20,GET,/glossaries/,9.600000,0.000000,5,5,5,5,6,6,6,7,7,7,7,789,0,5,5.3067608605649585,3.101308999248431,43.953904998488724,6657.0
1780496500,20,,Aggregated,9.600000,0.000000,5,5,5,5,6,6,6,7,7,7,7,789,0,5,5.3067608605649585,3.101308999248431,43.953904998488724,6657.0
1780496501,20,GET,/glossaries/,9.600000,0.000000,5,5,5,5,5,6,6,7,7,7,7,800,0,5,5.297156502483631,3.101308999248431,43.953904998488724,6657.0
1780496501,20,,Aggregated,9.600000,0.000000,5,5,5,5,5,6,6,7,7,7,7,800,0,5,5.297156502483631,3.101308999248431,43.953904998488724,6657.0
1780496502,20,GET,/glossaries/,9.800000,0.000000,5,5,5,5,5,6,6,6,7,7,7,811,0,5,5.293230395794347,3.101308999248431,43.953904998488724,6657.0
1780496502,20,,Aggregated,9.800000,0.000000,5,5,5,5,5,6,6,6,7,7,7,811,0,5,5.293230395794347,3.101308999248431,43.953904998488724,6657.0
1780496503,20,GET,/glossaries/,10.400000,0.000000,5,5,5,5,6,6,6,6,7,7,7,820,0,5,5.296579203644708,3.101308999248431,43.953904998488724,6657.0
1780496503,20,,Aggregated,10.400000,0.000000,5,5,5,5,6,6,6,6,7,7,7,820,0,5,5.296579203644708,3.101308999248431,43.953904998488724,6657.0
1780496504,21,GET,/glossaries/,10.300000,0.000000,5,5,5,5,6,6,6,7,8,8,8,831,0,5,5.298117679888872,3.101308999248431,43.953904998488724,6657.0
1780496504,21,,Aggregated,10.300000,0.000000,5,5,5,5,6,6,6,7,8,8,8,831,0,5,5.298117679888872,3.101308999248431,43.953904998488724,6657.0
1780496505,21,GET,/glossaries/,10.400000,0.000000,5,5,5,5,6,6,6,6,8,8,8,844,0,5,5.289414476286145,3.101308999248431,43.953904998488724,6657.0
1780496505,21,,Aggregated,10.400000,0.000000,5,5,5,5,6,6,6,6,8,8,8,844,0,5,5.289414476286145,3.101308999248431,43.953904998488724,6657.0
1780496506,21,GET,/glossaries/,10.700000,0.000000,5,5,5,5,6,6,6,6,8,8,8,850,0,5,5.286891029395252,3.101308999248431,43.953904998488724,6657.0
1780496506,21,,Aggregated,10.700000,0.000000,5,5,5,5,6,6,6,6,8,8,8,850,0,5,5.286891029395252,3.101308999248431,43.953904998488724,6657.0
1780496507,21,GET,/glossaries/,10.300000,0.000000,5,5,5,5,6,6,7,7,8,8,8,862,0,5,5.281730852651692,3.101308999248431,43.953904998488724,6657.0
1780496507,21,,Aggregated,10.300000,0.000000,5,5,5,5,6,6,7,7,8,8,8,862,0,5,5.281730852651692,3.101308999248431,43.953904998488724,6657.0
1780496508,21,GET,/glossaries/,10.900000,0.000000,5,5,5,5,6,6,7,7,8,8,8,873,0,5,5.275084882000196,3.101308999248431,43.953904998488724,6657.0
1780496508,21,,Aggregated,10.900000,0.000000,5,5,5,5,6,6,7,7,8,8,8,873,0,5,5.275084882000196,3.101308999248431,43.953904998488724,6657.0
1780496509,21,GET,/glossaries/,10.400000,0.000000,5,5,5,5,6,6,7,7,8,8,8,880,0,5,5.273295419301989,3.101308999248431,43.953904998488724,6657.0
1780496509,21,,Aggregated,10.400000,0.000000,5,5,5,5,6,6,7,7,8,8,8,880,0,5,5.273295419301989,3.101308999248431,43.953904998488724,6657.0
1780496510,21,GET,/glossaries/,10.900000,0.000000,5,5,5,5,6,6,7,7,8,8,8,892,0,5,5.264657866576072,2.9620410005009035,43.953904998488724,6657.0
1780496510,21,,Aggregated,10.900000,0.000000,5,5,5,5,6,6,7,7,8,8,8,892,0,5,5.264657866576072,2.9620410005009035,43.953904998488724,6657.0
1780496511,21,GET,/glossaries/,10.600000,0.000000,5,5,5,6,6,6,7,8,8,8,8,900,0,5,5.26283911775762,2.9620410005009035,43.953904998488724,6657.0
1780496511,21,,Aggregated,10.600000,0.000000,5,5,5,6,6,6,7,8,8,8,8,900,0,5,5.26283911775762,2.9620410005009035,43.953904998488724,6657.0
1780496512,22,GET,/glossaries/,10.400000,0.000000,5,5,5,6,6,7,7,8,8,8,8,910,0,5,5.263162719761517,2.9620410005009035,43.953904998488724,6657.0
1780496512,22,,Aggregated,10.400000,0.000000,5,5,5,6,6,7,7,8,8,8,8,910,0,5,5.263162719761517,2.9620410005009035,43.953904998488724,6657.0
1780496513,22,GET,/glossaries/,10.400000,0.000000,5,5,5,5,6,6,7,7,7,7,7,924,0,5,5.25877180950386,2.9620410005009035,43.953904998488724,6657.0
1780496513,22,,Aggregated,10.400000,0.000000,5,5,5,5,6,6,7,7,7,7,7,924,0,5,5.25877180950386,2.9620410005009035,43.953904998488724,6657.0
1780496514,22,GET,/glossaries/,10.100000,0.000000,5,5,5,5,6,6,7,7,7,7,7,934,0,5,5.255073908973607,2.9620410005009035,43.953904998488724,6657.0
1780496514,22,,Aggregated,10.100000,0.000000,5,5,5,5,6,6,7,7,7,7,7,934,0,5,5.255073908973607,2.9620410005009035,43.953904998488724,6657.0
1780496515,22,GET,/glossaries/,9.800000,0.000000,5,5,5,5,6,6,7,7,7,7,7,944,0,5,5.252481028580822,2.9620410005009035,43.953904998488724,6657.0
1780496515,22,,Aggregated,9.800000,0.000000,5,5,5,5,6,6,7,7,7,7,7,944,0,5,5.252481028580822,2.9620410005009035,43.953904998488724,6657.0
1780496516,22,GET,/glossaries/,10.200000,0.000000,5,5,5,5,6,6,7,7,7,7,7,956,0,5,5.252016380732073,2.9620410005009035,43.953904998488724,6657.0
1780496516,22,,Aggregated,10.200000,0.000000,5,5,5,5,6,6,7,7,7,7,7,956,0,5,5.252016380732073,2.9620410005009035,43.953904998488724,6657.0
1780496517,22,GET,/glossaries/,10.300000,0.000000,5,5,5,5,6,6,7,7,7,7,7,964,0,5,5.250239687735242,2.9620410005009035,43.953904998488724,6657.0
1780496517,22,,Aggregated,10.300000,0.000000,5,5,5,5,6,6,7,7,7,7,7,964,0,5,5.250239687735242,2.9620410005009035,43.953904998488724,6657.0
1780496518,22,GET,/glossaries/,10.000000,0.000000,5,5,5,5,6,6,7,7,7,7,7,977,0,5,5.2499197932224035,2.9620410005009035,43.953904998488724,6657.0
1780496518,22,,Aggregated,10.000000,0.000000,5,5,5,5,6,6,7,7,7,7,7,977,0,5,5.2499197932224035,2.9620410005009035,43.953904998488724,6657.0
1780496519,22,GET,/glossaries/,10.400000,0.000000,5,5,5,5,6,6,7,7,7,7,7,987,0,5,5.24795079126571,2.9620410005009035,43.953904998488724,6657.0
1780496519,22,,Aggregated,10.400000,0.000000,5,5,5,5,6,6,7,7,7,7,7,987,0,5,5.24795079126571,2.9620410005009035,43.953904998488724,6657.0
1780496520,23,GET,/glossaries/,10.100000,0.000000,5,5,5,6,6,6,7,7,7,7,7,999,0,5,5.245850480457045,2.9620410005009035,43.953904998488724,6657.0
1780496520,23,,Aggregated,10.100000,0.000000,5,5,5,6,6,6,7,7,7,7,7,999,0,5,5.245850480457045,2.9620410005009035,43.953904998488724,6657.0
1780496521,23,GET,/glossaries/,10.400000,0.000000,5,5,5,5,6,6,7,7,7,7,7,1011,0,5,5.238441276930215,2.9620410005009035,43.953904998488724,6657.0
1780496521,23,,Aggregated,10.400000,0.000000,5,5,5,5,6,6,7,7,7,7,7,1011,0,5,5.238441276930215,2.9620410005009035,43.953904998488724,6657.0
1780496522,23,GET,/glossaries/,10.700000,0.000000,5,5,5,5,6,6,7,7,7,7,7,1022,0,5,5.232381304281858,2.9620410005009035,43.953904998488724,6657.0
1780496522,23,,Aggregated,10.700000,0.000000,5,5,5,5,6,6,7,7,7,7,7,1022,0,5,5.232381304281858,2.9620410005009035,43.953904998488724,6657.0
1780496523,23,GET,/glossaries/,10.600000,0.000000,5,5,5,5,6,6,7,7,7,7,7,1033,0,5,5.226707912851825,2.9620410005009035,43.953904998488724,6657.0
1780496523,23,,Aggregated,10.600000,0.000000,5,5,5,5,6,6,7,7,7,7,7,1033,0,5,5.226707912851825,2.9620410005009035,43.953904998488724,6657.0
1780496524,23,GET,/glossaries/,11.100000,0.000000,5,5,5,5,6,6,7,7,7,7,7,1045,0,5,5.2272662545247846,2.9620410005009035,43.953904998488724,6657.0
1780496524,23,,Aggregated,11.100000,0.000000,5,5,5,5,6,6,7,7,7,7,7,1045,0,5,5.2272662545247846,2.9620410005009035,43.953904998488724,6657.0
1780496525,23,GET,/glossaries/,11.200000,0.000000,5,5,5,5,6,6,7,7,7,7,7,1056,0,5,5.224131678952896,2.9620410005009035,43.953904998488724,6657.0
1780496525,23,,Aggregated,11.200000,0.000000,5,5,5,5,6,6,7,7,7,7,7,1056,0,5,5.224131678952896,2.9620410005009035,43.953904998488724,6657.0
1780496526,23,GET,/glossaries/,10.900000,0.000000,5,5,5,5,6,6,7,7,7,7,7,1066,0,5,5.223959275769936,2.9620410005009035,43.953904998488724,6657.0
1780496526,23,,Aggregated,10.900000,0.000000,5,5,5,5,6,6,7,7,7,7,7,1066,0,5,5.223959275769936,2.9620410005009035,43.953904998488724,6657.0
1780496527,23,GET,/glossaries/,11.000000,0.000000,5,5,5,5,6,6,7,7,7,7,7,1078,0,5,5.221154987916187,2.9620410005009035,43.953904998488724,6657.0
1780496527,23,,Aggregated,11.000000,0.000000,5,5,5,5,6,6,7,7,7,7,7,1078,0,5,5.221154987916187,2.9620410005009035,43.953904998488724,6657.0
1780496528,24,GET,/glossaries/,11.100000,0.000000,5,5,5,5,6,6,7,7,7,7,7,1094,0,5,5.215034121549378,2.9620410005009035,43.953904998488724,6657.0
1780496528,24,,Aggregated,11.100000,0.000000,5,5,5,5,6,6,7,7,7,7,7,1094,0,5,5.215034121549378,2.9620410005009035,43.953904998488724,6657.0
1780496529,24,GET,/glossaries/,11.000000,0.000000,5,5,5,5,6,6,7,7,7,7,7,1108,0,5,5.206691583013843,2.9620410005009035,43.953904998488724,6657.0
1780496529,24,,Aggregated,11.000000,0.000000,5,5,5,5,6,6,7,7,7,7,7,1108,0,5,5.206691583013843,2.9620410005009035,43.953904998488724,6657.0
1780496530,24,GET,/glossaries/,11.400000,0.000000,5,5,5,5,6,6,7,7,7,7,7,1118,0,5,5.203384651142841,2.9620410005009035,43.953904998488724,6657.0
1780496530,24,,Aggregated,11.400000,0.000000,5,5,5,5,6,6,7,7,7,7,7,1118,0,5,5.203384651142841,2.9620410005009035,43.953904998488724,6657.0
1780496531,24,GET,/glossaries/,11.700000,0.000000,5,5,5,5,6,6,7,7,7,7,7,1131,0,5,5.195108259039975,2.9620410005009035,43.953904998488724,6657.0
1780496531,24,,Aggregated,11.700000,0.000000,5,5,5,5,6,6,7,7,7,7,7,1131,0,5,5.195108259039975,2.9620410005009035,43.953904998488724,6657.0
1780496532,24,GET,/glossaries/,12.200000,0.000000,5,5,5,5,6,6,7,7,7,7,7,1141,0,5,5.191377119171545,2.9620410005009035,43.953904998488724,6657.0
1780496532,24,,Aggregated,12.200000,0.000000,5,5,5,5,6,6,7,7,7,7,7,1141,0,5,5.191377119171545,2.9620410005009035,43.953904998488724,6657.0
1780496533,24,GET,/glossaries/,11.900000,0.000000,5,5,5,5,6,6,7,7,7,7,7,1153,0,5,5.192602938397316,2.9620410005009035,43.953904998488724,6657.0
1780496533,24,,Aggregated,11.900000,0.000000,5,5,5,5,6,6,7,7,7,7,7,1153,0,5,5.192602938397316,2.9620410005009035,43.953904998488724,6657.0
1780496534,24,GET,/glossaries/,12.000000,0.000000,5,5,5,5,6,6,6,7,7,7,7,1165,0,5,5.190751360488387,2.9620410005009035,43.953904998488724,6657.0
1780496534,24,,Aggregated,12.000000,0.000000,5,5,5,5,6,6,6,7,7,7,7,1165,0,5,5.190751360488387,2.9620410005009035,43.953904998488724,6657.0
1780496535,24,GET,/glossaries/,12.000000,0.000000,5,5,5,5,6,6,6,7,7,7,7,1178,0,5,5.185498426122797,2.9620410005009035,43.953904998488724,6657.0
1780496535,24,,Aggregated,12.000000,0.000000,5,5,5,5,6,6,6,7,7,7,7,1178,0,5,5.185498426122797,2.9620410005009035,43.953904998488724,6657.0
1780496536,25,GET,/glossaries/,12.100000,0.000000,5,5,5,5,6,6,6,7,7,7,7,1191,0,5,5.181357661608248,2.9620410005009035,43.953904998488724,6657.0
1780496536,25,,Aggregated,12.100000,0.000000,5,5,5,5,6,6,6,7,7,7,7,1191,0,5,5.181357661608248,2.9620410005009035,43.953904998488724,6657.0
1780496537,25,GET,/glossaries/,12.000000,0.000000,5,5,5,5,6,6,6,6,7,7,7,1201,0,5,5.176779216465144,2.9620410005009035,43.953904998488724,6657.0
1780496537,25,,Aggregated,12.000000,0.000000,5,5,5,5,6,6,6,6,7,7,7,1201,0,5,5.176779216465144,2.9620410005009035,43.953904998488724,6657.0
1780496538,25,GET,/glossaries/,12.300000,0.000000,5,5,5,5,6,6,6,6,7,7,7,1214,0,5,5.171288498329458,2.9620410005009035,43.953904998488724,6657.0
1780496538,25,,Aggregated,12.300000,0.000000,5,5,5,5,6,6,6,6,7,7,7,1214,0,5,5.171288498329458,2.9620410005009035,43.953904998488724,6657.0
1780496539,25,GET,/glossaries/,12.500000,0.000000,5,5,5,5,6,6,6,6,7,7,7,1227,0,5,5.17038996004539,2.9620410005009035,43.953904998488724,6657.0
1780496539,25,,Aggregated,12.500000,0.000000,5,5,5,5,6,6,6,6,7,7,7,1227,0,5,5.17038996004539,2.9620410005009035,43.953904998488724,6657.0
1780496540,25,GET,/glossaries/,12.300000,0.000000,5,5,5,5,6,6,6,6,7,7,7,1243,0,5,5.163926790005766,2.9620410005009035,43.953904998488724,6657.0
1780496540,25,,Aggregated,12.300000,0.000000,5,5,5,5,6,6,6,6,7,7,7,1243,0,5,5.163926790005766,2.9620410005009035,43.953904998488724,6657.0
1780496541,25,GET,/glossaries/,12.100000,0.000000,5,5,5,5,6,6,7,7,7,7,7,1255,0,5,5.168161001572127,2.9620410005009035,43.953904998488724,6657.0
1780496541,25,,Aggregated,12.100000,0.000000,5,5,5,5,6,6,7,7,7,7,7,1255,0,5,5.168161001572127,2.9620410005009035,43.953904998488724,6657.0
1780496542,25,GET,/glossaries/,11.700000,0.000000,5,5,5,5,6,6,7,7,7,7,7,1270,0,5,5.166867690530226,2.9620410005009035,43.953904998488724,6657.0
1780496542,25,,Aggregated,11.700000,0.000000,5,5,5,5,6,6,7,7,7,7,7,1270,0,5,5.166867690530226,2.9620410005009035,43.953904998488724,6657.0
1780496543,25,GET,/glossaries/,12.400000,0.000000,5,5,5,5,6,6,7,7,7,7,7,1280,0,5,5.168672889821835,2.9620410005009035,43.953904998488724,6657.0
1780496543,25,,Aggregated,12.400000,0.000000,5,5,5,5,6,6,7,7,7,7,7,1280,0,5,5.168672889821835,2.9620410005009035,43.953904998488724,6657.0
1780496544,26,GET,/glossaries/,12.300000,0.000000,5,5,5,5,6,6,7,7,7,7,7,1292,0,5,5.169284418711685,2.9620410005009035,43.953904998488724,6657.0
1780496544,26,,Aggregated,12.300000,0.000000,5,5,5,5,6,6,7,7,7,7,7,1292,0,5,5.169284418711685,2.9620410005009035,43.953904998488724,6657.0
1780496545,26,GET,/glossaries/,12.800000,0.000000,5,5,5,5,6,6,7,7,7,7,7,1307,0,5,5.167992701586354,2.9620410005009035,43.953904998488724,6657.0
1780496545,26,,Aggregated,12.800000,0.000000,5,5,5,5,6,6,7,7,7,7,7,1307,0,5,5.167992701586354,2.9620410005009035,43.953904998488724,6657.0
1780496546,26,GET,/glossaries/,12.700000,0.000000,5,5,5,5,6,6,7,7,7,7,7,1320,0,5,5.163889212103228,2.9620410005009035,43.953904998488724,6657.0
1780496546,26,,Aggregated,12.700000,0.000000,5,5,5,5,6,6,7,7,7,7,7,1320,0,5,5.163889212103228,2.9620410005009035,43.953904998488724,6657.0
1780496547,26,GET,/glossaries/,12.800000,0.000000,5,5,5,5,6,6,7,7,7,7,7,1333,0,5,5.16157409225481,2.9620410005009035,43.953904998488724,6657.0
1780496547,26,,Aggregated,12.800000,0.000000,5,5,5,5,6,6,7,7,7,7,7,1333,0,5,5.16157409225481,2.9620410005009035,43.953904998488724,6657.0
1780496548,26,GET,/glossaries/,12.800000,0.000000,5,5,5,6,6,7,7,7,7,7,7,1346,0,5,5.163778419748869,2.9620410005009035,43.953904998488724,6657.0
1780496548,26,,Aggregated,12.800000,0.000000,5,5,5,6,6,7,7,7,7,7,7,1346,0,5,5.163778419748869,2.9620410005009035,43.953904998488724,6657.0
1780496549,26,GET,/glossaries/,12.900000,0.000000,5,5,5,5,6,7,7,7,7,7,7,1359,0,5,5.16022134067951,2.9620410005009035,43.953904998488724,6657.0
1780496549,26,,Aggregated,12.900000,0.000000,5,5,5,5,6,7,7,7,7,7,7,1359,0,5,5.16022134067951,2.9620410005009035,43.953904998488724,6657.0
1780496550,26,GET,/glossaries/,13.100000,0.000000,5,5,5,5,6,7,7,7,7,7,7,1374,0,5,5.153304527643072,2.9620410005009035,43.953904998488724,6657.0
1780496550,26,,Aggregated,13.100000,0.000000,5,5,5,5,6,7,7,7,7,7,7,1374,0,5,5.153304527643072,2.9620410005009035,43.953904998488724,6657.0
1780496551,26,GET,/glossaries/,13.200000,0.000000,5,5,5,5,6,6,7,7,7,7,7,1385,0,5,5.150652501794574,2.9620410005009035,43.953904998488724,6657.0
1780496551,26,,Aggregated,13.200000,0.000000,5,5,5,5,6,6,7,7,7,7,7,1385,0,5,5.150652501794574,2.9620410005009035,43.953904998488724,6657.0
1780496552,27,GET,/glossaries/,13.200000,0.000000,5,5,5,5,6,6,7,7,7,7,7,1402,0,5,5.1438547852973695,2.9620410005009035,43.953904998488724,6657.0
1780496552,27,,Aggregated,13.200000,0.000000,5,5,5,5,6,6,7,7,7,7,7,1402,0,5,5.1438547852973695,2.9620410005009035,43.953904998488724,6657.0
1780496553,27,GET,/glossaries/,13.100000,0.000000,5,5,5,5,6,6,7,7,7,7,7,1415,0,5,5.142201689744169,2.9620410005009035,43.953904998488724,6657.0
1780496553,27,,Aggregated,13.100000,0.000000,5,5,5,5,6,6,7,7,7,7,7,1415,0,5,5.142201689744169,2.9620410005009035,43.953904998488724,6657.0
1780496554,27,GET,/glossaries/,13.200000,0.000000,5,5,5,5,6,6,7,7,7,7,7,1427,0,5,5.14701882619826,2.9620410005009035,43.953904998488724,6657.0
1780496554,27,,Aggregated,13.200000,0.000000,5,5,5,5,6,6,7,7,7,7,7,1427,0,5,5.14701882619826,2.9620410005009035,43.953904998488724,6657.0
1780496555,27,GET,/glossaries/,13.300000,0.000000,5,5,5,5,6,6,7,7,7,7,7,1442,0,5,5.146751565177729,2.9620410005009035,43.953904998488724,6657.0
1780496555,27,,Aggregated,13.300000,0.000000,5,5,5,5,6,6,7,7,7,7,7,1442,0,5,5.146751565177729,2.9620410005009035,43.953904998488724,6657.0
1780496556,27,GET,/glossaries/,13.400000,0.000000,5,5,5,5,6,6,7,7,7,7,7,1454,0,5,5.143174064640589,2.9620410005009035,43.953904998488724,6657.0
1780496556,27,,Aggregated,13.400000,0.000000,5,5,5,5,6,6,7,7,7,7,7,1454,0,5,5.143174064640589,2.9620410005009035,43.953904998488724,6657.0
1780496557,27,GET,/glossaries/,13.400000,0.000000,5,5,5,5,6,6,7,7,7,7,7,1470,0,5,5.143807514961279,2.9620410005009035,43.953904998488724,6657.0
1780496557,27,,Aggregated,13.400000,0.000000,5,5,5,5,6,6,7,7,7,7,7,1470,0,5,5.143807514961279,2.9620410005009035,43.953904998488724,6657.0
1780496558,27,GET,/glossaries/,13.500000,0.000000,5,5,5,5,6,6,7,7,7,7,7,1480,0,5,5.142078336481014,2.9620410005009035,43.953904998488724,6657.0
1780496558,27,,Aggregated,13.500000,0.000000,5,5,5,5,6,6,7,7,7,7,7,1480,0,5,5.142078336481014,2.9620410005009035,43.953904998488724,6657.0
1780496559,27,GET,/glossaries/,13.600000,0.000000,5,5,5,5,6,6,7,7,7,7,7,1496,0,5,5.138428931144624,2.9620410005009035,43.953904998488724,6657.0
1780496559,27,,Aggregated,13.600000,0.000000,5,5,5,5,6,6,7,7,7,7,7,1496,0,5,5.138428931144624,2.9620410005009035,43.953904998488724,6657.0
1780496560,28,GET,/glossaries/,13.700000,0.000000,5,5,5,5,6,6,7,7,9,9,9,1512,0,5,5.138625655414823,2.9620410005009035,43.953904998488724,6657.0
1780496560,28,,Aggregated,13.700000,0.000000,5,5,5,5,6,6,7,7,9,9,9,1512,0,5,5.138625655414823,2.9620410005009035,43.953904998488724,6657.0
1780496561,28,GET,/glossaries/,13.300000,0.000000,5,5,5,5,6,6,7,7,9,9,9,1526,0,5,5.135289015718866,2.9620410005009035,43.953904998488724,6657.0
1780496561,28,,Aggregated,13.300000,0.000000,5,5,5,5,6,6,7,7,9,9,9,1526,0,5,5.135289015718866,2.9620410005009035,43.953904998488724,6657.0
1780496562,28,GET,/glossaries/,13.900000,0.000000,5,5,5,5,6,6,7,7,9,9,9,1538,0,5,5.131028890760039,2.9620410005009035,43.953904998488724,6657.0
1780496562,28,,Aggregated,13.900000,0.000000,5,5,5,5,6,6,7,7,9,9,9,1538,0,5,5.131028890760039,2.9620410005009035,43.953904998488724,6657.0
1780496563,28,GET,/glossaries/,13.800000,0.000000,5,5,5,6,6,7,7,8,9,9,9,1552,0,5,5.134428831821452,2.9620410005009035,43.953904998488724,6657.0
1780496563,28,,Aggregated,13.800000,0.000000,5,5,5,6,6,7,7,8,9,9,9,1552,0,5,5.134428831821452,2.9620410005009035,43.953904998488724,6657.0
1780496564,28,GET,/glossaries/,13.800000,0.000000,5,5,5,5,6,6,7,8,9,9,9,1570,0,5,5.129351853495438,2.9620410005009035,43.953904998488724,6657.0
1780496564,28,,Aggregated,13.800000,0.000000,5,5,5,5,6,6,7,8,9,9,9,1570,0,5,5.129351853495438,2.9620410005009035,43.953904998488724,6657.0
1780496565,28,GET,/glossaries/,13.500000,0.000000,5,5,5,5,6,6,7,8,9,9,9,1581,0,5,5.127544328267086,2.9620410005009035,43.953904998488724,6657.0
1780496565,28,,Aggregated,13.500000,0.000000,5,5,5,5,6,6,7,8,9,9,9,1581,0,5,5.127544328267086,2.9620410005009035,43.953904998488724,6657.0
1780496566,28,GET,/glossaries/,13.700000,0.000000,5,5,5,5,6,6,7,8,9,9,9,1595,0,5,5.12241307523166,2.9620410005009035,43.953904998488724,6657.0
1780496566,28,,Aggregated,13.700000,0.000000,5,5,5,5,6,6,7,8,9,9,9,1595,0,5,5.12241307523166,2.9620410005009035,43.953904998488724,6657.0
1780496567,28,GET,/glossaries/,14.300000,0.000000,5,5,5,5,6,6,7,8,9,9,9,1610,0,5,5.119038725465063,2.9620410005009035,43.953904998488724,6657.0
1780496567,28,,Aggregated,14.300000,0.000000,5,5,5,5,6,6,7,8,9,9,9,1610,0,5,5.119038725465063,2.9620410005009035,43.953904998488724,6657.0
1780496568,29,GET,/glossaries/,13.900000,0.000000,5,5,5,5,6,6,7,8,9,9,9,1625,0,5,5.115462170459348,2.9620410005009035,43.953904998488724,6657.0
1780496568,29,,Aggregated,13.900000,0.000000,5,5,5,5,6,6,7,8,9,9,9,1625,0,5,5.115462170459348,2.9620410005009035,43.953904998488724,6657.0
1780496570,29,GET,/glossaries/,13.900000,0.000000,5,5,5,5,6,6,7,7,8,8,8,1638,0,5,5.113146948107821,2.9620410005009035,43.953904998488724,6657.0
1780496570,29,,Aggregated,13.900000,0.000000,5,5,5,5,6,6,7,7,8,8,8,1638,0,5,5.113146948107821,2.9620410005009035,43.953904998488724,6657.0
1780496571,29,GET,/glossaries/,14.000000,0.000000,5,5,5,5,6,6,6,7,8,8,8,1654,0,5,5.109521508463739,2.9620410005009035,43.953904998488724,6657.0
1780496571,29,,Aggregated,14.000000,0.000000,5,5,5,5,6,6,6,7,8,8,8,1654,0,5,5.109521508463739,2.9620410005009035,43.953904998488724,6657.0
1780496572,29,GET,/glossaries/,14.500000,0.000000,5,5,5,5,6,6,6,7,8,8,8,1668,0,5,5.107779642680366,2.9620410005009035,43.953904998488724,6657.0
1780496572,29,,Aggregated,14.500000,0.000000,5,5,5,5,6,6,6,7,8,8,8,1668,0,5,5.107779642680366,2.9620410005009035,43.953904998488724,6657.0
1780496573,29,GET,/glossaries/,14.000000,0.000000,5,5,5,5,6,6,6,6,6,6,6,1684,0,5,5.106871227428952,2.9620410005009035,43.953904998488724,6657.0
1780496573,29,,Aggregated,14.000000,0.000000,5,5,5,5,6,6,6,6,6,6,6,1684,0,5,5.106871227428952,2.9620410005009035,43.953904998488724,6657.0
1780496574,29,GET,/glossaries/,14.200000,0.000000,5,5,5,5,6,6,6,6,6,6,6,1694,0,5,5.10525075796365,2.9620410005009035,43.953904998488724,6657.0
1780496574,29,,Aggregated,14.200000,0.000000,5,5,5,5,6,6,6,6,6,6,6,1694,0,5,5.10525075796365,2.9620410005009035,43.953904998488724,6657.0
1780496575,29,GET,/glossaries/,14.200000,0.000000,5,5,5,5,6,6,8,8,10,10,10,1711,0,5,5.111202574511303,2.9620410005009035,43.953904998488724,6657.0
1780496575,29,,Aggregated,14.200000,0.000000,5,5,5,5,6,6,8,8,10,10,10,1711,0,5,5.111202574511303,2.9620410005009035,43.953904998488724,6657.0
1780496576,29,GET,/glossaries/,14.600000,0.000000,5,5,5,5,6,6,8,8,10,10,10,1725,0,5,5.10715634028294,2.9620410005009035,43.953904998488724,6657.0
1780496576,29,,Aggregated,14.600000,0.000000,5,5,5,5,6,6,8,8,10,10,10,1725,0,5,5.10715634028294,2.9620410005009035,43.953904998488724,6657.0
1780496577,30,GET,/glossaries/,14.200000,0.000000,5,5,5,5,6,7,8,8,10,10,10,1740,0,5,5.108077361486115,2.9620410005009035,43.953904998488724,6657.0
1780496577,30,,Aggregated,14.200000,0.000000,5,5,5,5,6,7,8,8,10,10,10,1740,0,5,5.108077361486115,2.9620410005009035,43.953904998488724,6657.0
1780496578,30,GET,/glossaries/,14.100000,0.000000,5,5,5,5,6,7,8,8,10,10,10,1752,0,5,5.106204308781157,2.9620410005009035,43.953904998488724,6657.0
1780496578,30,,Aggregated,14.100000,0.000000,5,5,5,5,6,7,8,8,10,10,10,1752,0,5,5.106204308781157,2.9620410005009035,43.953904998488724,6657.0
1780496579,30,GET,/glossaries/,14.400000,0.000000,5,5,5,5,6,7,8,8,10,10,10,1769,0,5,5.104389284901921,2.9620410005009035,43.953904998488724,6657.0
1780496579,30,,Aggregated,14.400000,0.000000,5,5,5,5,6,7,8,8,10,10,10,1769,0,5,5.104389284901921,2.9620410005009035,43.953904998488724,6657.0
1780496580,30,GET,/glossaries/,14.500000,0.000000,5,5,5,5,6,7,8,8,10,10,10,1782,0,5,5.101321177885892,2.9620410005009035,43.953904998488724,6657.0
1780496580,30,,Aggregated,14.500000,0.000000,5,5,5,5,6,7,8,8,10,10,10,1782,0,5,5.101321177885892,2.9620410005009035,43.953904998488724,6657.0
1780496581,30,GET,/glossaries/,14.200000,0.000000,5,5,5,5,6,7,8,8,10,10,10,1798,0,5,5.095068133479063,2.9620410005009035,43.953904998488724,6657.0
1780496581,30,,Aggregated,14.200000,0.000000,5,5,5,5,6,7,8,8,10,10,10,1798,0,5,5.095068133479063,2.9620410005009035,43.953904998488724,6657.0
1780496582,30,GET,/glossaries/,14.400000,0.000000,5,5,5,5,6,7,8,8,10,10,10,1811,0,5,5.0919006383222,2.9620410005009035,43.953904998488724,6657.0
1780496582,30,,Aggregated,14.400000,0.000000,5,5,5,5,6,7,8,8,10,10,10,1811,0,5,5.0919006383222,2.9620410005009035,43.953904998488724,6657.0
1780496583,30,GET,/glossaries/,14.400000,0.000000,5,5,5,5,6,7,8,8,10,10,10,1828,0,5,5.089627835886321,2.9620410005009035,43.953904998488724,6657.0
1780496583,30,,Aggregated,14.400000,0.000000,5,5,5,5,6,7,8,8,10,10,10,1828,0,5,5.089627835886321,2.9620410005009035,43.953904998488724,6657.0
1780496584,30,GET,/glossaries/,14.400000,0.000000,5,5,5,5,6,6,7,7,7,7,7,1842,0,5,5.084123761130074,2.9620410005009035,43.953904998488724,6657.0
1780496584,30,,Aggregated,14.400000,0.000000,5,5,5,5,6,6,7,7,7,7,7,1842,0,5,5.084123761130074,2.9620410005009035,43.953904998488724,6657.0
1780496585,31,GET,/glossaries/,14.400000,0.000000,5,5,5,5,6,6,7,7,9,9,9,1857,0,5,5.0875062547128955,2.9620410005009035,43.953904998488724,6657.0
1780496585,31,,Aggregated,14.400000,0.000000,5,5,5,5,6,6,7,7,9,9,9,1857,0,5,5.0875062547128955,2.9620410005009035,43.953904998488724,6657.0
1780496586,31,GET,/glossaries/,14.400000,0.000000,5,5,5,5,6,6,6,7,9,9,9,1874,0,5,5.084972200106584,2.9620410005009035,43.953904998488724,6657.0
1780496586,31,,Aggregated,14.400000,0.000000,5,5,5,5,6,6,6,7,9,9,9,1874,0,5,5.084972200106584,2.9620410005009035,43.953904998488724,6657.0
1780496587,31,GET,/glossaries/,14.800000,0.000000,5,5,5,5,6,6,6,7,9,9,9,1890,0,5,5.083671720108238,2.9620410005009035,43.953904998488724,6657.0
1780496587,31,,Aggregated,14.800000,0.000000,5,5,5,5,6,6,6,7,9,9,9,1890,0,5,5.083671720108238,2.9620410005009035,43.953904998488724,6657.0
1780496588,31,GET,/glossaries/,14.500000,0.000000,5,5,5,5,6,6,6,7,9,9,9,1908,0,5,5.085553085432204,2.9620410005009035,43.953904998488724,6657.0
1780496588,31,,Aggregated,14.500000,0.000000,5,5,5,5,6,6,6,7,9,9,9,1908,0,5,5.085553085432204,2.9620410005009035,43.953904998488724,6657.0
1780496589,31,GET,/glossaries/,14.900000,0.000000,5,5,5,5,6,6,6,7,9,9,9,1926,0,5,5.082863358259329,2.9620410005009035,43.953904998488724,6657.0
1780496589,31,,Aggregated,14.900000,0.000000,5,5,5,5,6,6,6,7,9,9,9,1926,0,5,5.082863358259329,2.9620410005009035,43.953904998488724,6657.0
1780496590,31,GET,/glossaries/,15.000000,0.000000,5,5,5,5,6,6,6,7,9,9,9,1940,0,5,5.080465288148806,2.9620410005009035,43.953904998488724,6657.0
1780496590,31,,Aggregated,15.000000,0.000000,5,5,5,5,6,6,6,7,9,9,9,1940,0,5,5.080465288148806,2.9620410005009035,43.953904998488724,6657.0
1780496591,31,GET,/glossaries/,15.600000,0.000000,5,5,5,5,6,6,6,7,9,9,9,1958,0,5,5.076014339635481,2.9620410005009035,43.953904998488724,6657.0
1780496591,31,,Aggregated,15.600000,0.000000,5,5,5,5,6,6,6,7,9,9,9,1958,0,5,5.076014339635481,2.9620410005009035,43.953904998488724,6657.0
1780496592,31,GET,/glossaries/,15.800000,0.000000,5,5,5,5,6,6,6,6,9,9,9,1974,0,5,5.072110240122947,2.9620410005009035,43.953904998488724,6657.0
1780496592,31,,Aggregated,15.800000,0.000000,5,5,5,5,6,6,6,6,9,9,9,1974,0,5,5.072110240122947,2.9620410005009035,43.953904998488724,6657.0
1780496593,32,GET,/glossaries/,16.000000,0.000000,5,5,5,5,6,6,6,6,9,9,9,1995,0,5,5.069928150380593,2.9620410005009035,43.953904998488724,6657.0
1780496593,32,,Aggregated,16.000000,0.000000,5,5,5,5,6,6,6,6,9,9,9,1995,0,5,5.069928150380593,2.9620410005009035,43.953904998488724,6657.0
1780496594,32,GET,/glossaries/,16.300000,0.000000,5,5,5,5,6,6,6,6,6,6,6,2009,0,5,5.070037510208018,2.9620410005009035,43.953904998488724,6657.0
1780496594,32,,Aggregated,16.300000,0.000000,5,5,5,5,6,6,6,6,6,6,6,2009,0,5,5.070037510208018,2.9620410005009035,43.953904998488724,6657.0
1780496595,32,GET,/glossaries/,16.500000,0.000000,5,5,5,5,6,6,6,6,7,7,7,2029,0,5,5.068527075901383,2.9620410005009035,43.953904998488724,6657.0
1780496595,32,,Aggregated,16.500000,0.000000,5,5,5,5,6,6,6,6,7,7,7,2029,0,5,5.068527075901383,2.9620410005009035,43.953904998488724,6657.0
1780496596,32,GET,/glossaries/,16.600000,0.000000,5,5,5,5,6,6,6,7,7,7,7,2043,0,5,5.0650508732257045,2.9620410005009035,43.953904998488724,6657.0
1780496596,32,,Aggregated,16.600000,0.000000,5,5,5,5,6,6,6,7,7,7,7,2043,0,5,5.0650508732257045,2.9620410005009035,43.953904998488724,6657.0
1780496597,32,GET,/glossaries/,17.200000,0.000000,5,5,5,5,6,6,6,7,7,7,7,2059,0,5,5.061073303547194,2.9620410005009035,43.953904998488724,6657.0
1780496597,32,,Aggregated,17.200000,0.000000,5,5,5,5,6,6,6,7,7,7,7,2059,0,5,5.061073303547194,2.9620410005009035,43.953904998488724,6657.0
1780496598,32,GET,/glossaries/,17.200000,0.000000,5,5,5,5,6,6,7,7,7,7,7,2073,0,5,5.062616647374171,2.9620410005009035,43.953904998488724,6657.0
1780496598,32,,Aggregated,17.200000,0.000000,5,5,5,5,6,6,7,7,7,7,7,2073,0,5,5.062616647374171,2.9620410005009035,43.953904998488724,6657.0
1780496599,32,GET,/glossaries/,16.700000,0.000000,5,5,5,5,6,6,7,7,7,7,7,2088,0,5,5.061626477495809,2.9620410005009035,43.953904998488724,6657.0
1780496599,32,,Aggregated,16.700000,0.000000,5,5,5,5,6,6,7,7,7,7,7,2088,0,5,5.061626477495809,2.9620410005009035,43.953904998488724,6657.0
1780496600,32,GET,/glossaries/,16.800000,0.000000,5,5,5,5,6,6,7,7,7,7,7,2106,0,5,5.060708934952509,2.9620410005009035,43.953904998488724,6657.0
1780496600,32,,Aggregated,16.800000,0.000000,5,5,5,5,6,6,7,7,7,7,7,2106,0,5,5.060708934952509,2.9620410005009035,43.953904998488724,6657.0
1780496601,33,GET,/glossaries/,16.500000,0.000000,5,5,5,5,6,6,7,7,7,7,7,2122,0,5,5.057681577759094,2.9620410005009035,43.953904998488724,6657.0
1780496601,33,,Aggregated,16.500000,0.000000,5,5,5,5,6,6,7,7,7,7,7,2122,0,5,5.057681577759094,2.9620410005009035,43.953904998488724,6657.0
1780496602,33,GET,/glossaries/,16.600000,0.000000,5,5,5,5,6,6,7,7,7,7,7,2138,0,5,5.055676763332733,2.9620410005009035,43.953904998488724,6657.0
1780496602,33,,Aggregated,16.600000,0.000000,5,5,5,5,6,6,7,7,7,7,7,2138,0,5,5.055676763332733,2.9620410005009035,43.953904998488724,6657.0
1780496603,33,GET,/glossaries/,16.600000,0.000000,5,5,5,5,6,7,7,7,8,8,8,2153,0,5,5.05958556386691,2.9620410005009035,43.953904998488724,6657.0
1780496603,33,,Aggregated,16.600000,0.000000,5,5,5,5,6,7,7,7,8,8,8,2153,0,5,5.05958556386691,2.9620410005009035,43.953904998488724,6657.0
1780496604,33,GET,/glossaries/,16.400000,0.000000,5,5,5,5,6,7,7,7,8,8,8,2171,0,5,5.056823260253645,2.9620410005009035,43.953904998488724,6657.0
1780496604,33,,Aggregated,16.400000,0.000000,5,5,5,5,6,7,7,7,8,8,8,2171,0,5,5.056823260253645,2.9620410005009035,43.953904998488724,6657.0
1780496605,33,GET,/glossaries/,16.400000,0.000000,5,5,5,5,6,6,7,7,8,8,8,2189,0,5,5.053957461402483,2.9620410005009035,43.953904998488724,6657.0
1780496605,33,,Aggregated,16.400000,0.000000,5,5,5,5,6,6,7,7,8,8,8,2189,0,5,5.053957461402483,2.9620410005009035,43.953904998488724,6657.0
1780496606,33,GET,/glossaries/,16.300000,0.000000,5,5,5,5,6,6,7,7,8,8,8,2200,0,5,5.0521680022790285,2.9620410005009035,43.953904998488724,6657.0
1780496606,33,,Aggregated,16.300000,0.000000,5,5,5,5,6,6,7,7,8,8,8,2200,0,5,5.0521680022790285,2.9620410005009035,43.953904998488724,6657.0
1780496607,33,GET,/glossaries/,16.100000,0.000000,5,5,5,5,6,6,7,7,8,8,8,2221,0,5,5.0501145623649855,2.9620410005009035,43.953904998488724,6657.0
1780496607,33,,Aggregated,16.100000,0.000000,5,5,5,5,6,6,7,7,8,8,8,2221,0,5,5.0501145623649855,2.9620410005009035,43.953904998488724,6657.0
1780496608,33,GET,/glossaries/,16.100000,0.000000,5,5,5,5,6,6,7,7,8,8,8,2234,0,5,5.050111045217078,2.9620410005009035,43.953904998488724,6657.0
1780496608,33,,Aggregated,16.100000,0.000000,5,5,5,5,6,6,7,7,8,8,8,2234,0,5,5.050111045217078,2.9620410005009035,43.953904998488724,6657.0
1780496609,34,GET,/glossaries/,16.200000,0.000000,5,5,5,6,6,7,8,8,8,8,8,2253,0,5,5.054224024861404,2.9620410005009035,43.953904998488724,6657.0
1780496609,34,,Aggregated,16.200000,0.000000,5,5,5,6,6,7,8,8,8,8,8,2253,0,5,5.054224024861404,2.9620410005009035,43.953904998488724,6657.0
1780496610,34,GET,/glossaries/,16.100000,0.000000,5,5,5,5,6,7,8,8,8,8,8,2273,0,5,5.049529731196935,2.9620410005009035,43.953904998488724,6657.0
1780496610,34,,Aggregated,16.100000,0.000000,5,5,5,5,6,7,8,8,8,8,8,2273,0,5,5.049529731196935,2.9620410005009035,43.953904998488724,6657.0
1780496611,34,GET,/glossaries/,16.400000,0.000000,5,5,5,5,6,7,8,8,8,8,8,2289,0,5,5.047613437315393,2.9620410005009035,43.953904998488724,6657.0
1780496611,34,,Aggregated,16.400000,0.000000,5,5,5,5,6,7,8,8,8,8,8,2289,0,5,5.047613437315393,2.9620410005009035,43.953904998488724,6657.0
1780496612,34,GET,/glossaries/,16.400000,0.000000,5,5,5,5,6,6,7,8,8,8,8,2305,0,5,5.046341978316233,2.9620410005009035,43.953904998488724,6657.0
1780496612,34,,Aggregated,16.400000,0.000000,5,5,5,5,6,6,7,8,8,8,8,2305,0,5,5.046341978316233,2.9620410005009035,43.953904998488724,6657.0
1780496613,34,GET,/glossaries/,16.600000,0.000000,5,5,5,5,6,6,8,8,8,8,8,2319,0,5,5.045464271675379,2.9620410005009035,43.953904998488724,6657.0
1780496613,34,,Aggregated,16.600000,0.000000,5,5,5,5,6,6,8,8,8,8,8,2319,0,5,5.045464271675379,2.9620410005009035,43.953904998488724,6657.0
1780496614,34,GET,/glossaries/,16.600000,0.000000,5,5,5,5,6,6,8,8,8,8,8,2335,0,5,5.043849227845278,2.9620410005009035,43.953904998488724,6657.0
1780496614,34,,Aggregated,16.600000,0.000000,5,5,5,5,6,6,8,8,8,8,8,2335,0,5,5.043849227845278,2.9620410005009035,43.953904998488724,6657.0
1780496615,34,GET,/glossaries/,16.500000,0.000000,5,5,5,6,6,7,7,8,8,8,8,2357,0,5,5.044718945275411,2.9620410005009035,43.953904998488724,6657.0
1780496615,34,,Aggregated,16.500000,0.000000,5,5,5,6,6,7,7,8,8,8,8,2357,0,5,5.044718945275411,2.9620410005009035,43.953904998488724,6657.0
1780496616,34,GET,/glossaries/,16.400000,0.000000,5,5,5,5,6,7,8,8,8,8,8,2368,0,5,5.043220435394429,2.9620410005009035,43.953904998488724,6657.0
1780496616,34,,Aggregated,16.400000,0.000000,5,5,5,5,6,7,8,8,8,8,8,2368,0,5,5.043220435394429,2.9620410005009035,43.953904998488724,6657.0
1780496617,35,GET,/glossaries/,16.400000,0.000000,5,5,5,5,6,6,8,8,8,8,8,2383,0,5,5.0431134691629245,2.9620410005009035,43.953904998488724,6657.0
1780496617,35,,Aggregated,16.400000,0.000000,5,5,5,5,6,6,8,8,8,8,8,2383,0,5,5.0431134691629245,2.9620410005009035,43.953904998488724,6657.0
1780496618,35,GET,/glossaries/,16.700000,0.000000,5,5,5,5,6,6,7,7,8,8,8,2404,0,5,5.04826733819154,2.9620410005009035,43.953904998488724,6657.0
1780496618,35,,Aggregated,16.700000,0.000000,5,5,5,5,6,6,7,7,8,8,8,2404,0,5,5.04826733819154,2.9620410005009035,43.953904998488724,6657.0
1780496619,35,GET,/glossaries/,16.300000,0.000000,5,5,5,6,6,6,7,7,8,8,8,2420,0,5,5.048258527276931,2.9620410005009035,43.953904998488724,6657.0
1780496619,35,,Aggregated,16.300000,0.000000,5,5,5,6,6,6,7,7,8,8,8,2420,0,5,5.048258527276931,2.9620410005009035,43.953904998488724,6657.0
1780496620,35,GET,/glossaries/,17.000000,0.000000,5,5,5,6,6,6,7,7,8,8,8,2441,0,5,5.044766897178176,2.9620410005009035,43.953904998488724,6657.0
1780496620,35,,Aggregated,17.000000,0.000000,5,5,5,6,6,6,7,7,8,8,8,2441,0,5,5.044766897178176,2.9620410005009035,43.953904998488724,6657.0
1780496621,35,GET,/glossaries/,16.700000,0.000000,5,5,5,6,6,6,6,7,8,8,8,2456,0,5,5.042958357903933,2.9620410005009035,43.953904998488724,6657.0
1780496621,35,,Aggregated,16.700000,0.000000,5,5,5,6,6,6,6,7,8,8,8,2456,0,5,5.042958357903933,2.9620410005009035,43.953904998488724,6657.0
1780496622,35,GET,/glossaries/,16.800000,0.000000,5,5,5,5,6,6,7,7,8,8,8,2477,0,5,5.040753369401274,2.9620410005009035,43.953904998488724,6657.0
1780496622,35,,Aggregated,16.800000,0.000000,5,5,5,5,6,6,7,7,8,8,8,2477,0,5,5.040753369401274,2.9620410005009035,43.953904998488724,6657.0
1780496623,35,GET,/glossaries/,16.700000,0.000000,5,5,5,6,6,6,7,7,8,8,8,2494,0,5,5.040651875303156,2.9620410005009035,43.953904998488724,6657.0
1780496623,35,,Aggregated,16.700000,0.000000,5,5,5,6,6,6,7,7,8,8,8,2494,0,5,5.040651875303156,2.9620410005009035,43.953904998488724,6657.0
1780496624,35,GET,/glossaries/,17.000000,0.000000,5,5,5,5,6,6,7,7,8,8,8,2512,0,5,5.042533559317582,2.9620410005009035,43.953904998488724,6657.0
1780496624,35,,Aggregated,17.000000,0.000000,5,5,5,5,6,6,7,7,8,8,8,2512,0,5,5.042533559317582,2.9620410005009035,43.953904998488724,6657.0
1780496625,36,GET,/glossaries/,17.300000,0.000000,5,5,5,5,6,6,7,7,8,8,8,2526,0,5,5.041649365799632,2.9620410005009035,43.953904998488724,6657.0
1780496625,36,,Aggregated,17.300000,0.000000,5,5,5,5,6,6,7,7,8,8,8,2526,0,5,5.041649365799632,2.9620410005009035,43.953904998488724,6657.0
1780496626,36,GET,/glossaries/,17.400000,0.000000,5,5,5,6,6,6,7,44,44,44,44,2546,0,5,5.08230070778127,2.9620410005009035,44.464137999966624,6657.0
1780496626,36,,Aggregated,17.400000,0.000000,5,5,5,6,6,6,7,44,44,44,44,2546,0,5,5.08230070778127,2.9620410005009035,44.464137999966624,6657.0
1780496627,36,GET,/glossaries/,16.900000,0.000000,5,5,5,5,6,6,7,44,44,44,44,2555,0,5,5.081238095895799,2.9620410005009035,44.464137999966624,6657.0
1780496627,36,,Aggregated,16.900000,0.000000,5,5,5,5,6,6,7,44,44,44,44,2555,0,5,5.081238095895799,2.9620410005009035,44.464137999966624,6657.0
1780496628,36,GET,/glossaries/,17.800000,0.000000,5,5,5,5,6,6,7,44,44,44,44,2579,0,5,5.076983683992961,2.9620410005009035,44.464137999966624,6657.0
1780496628,36,,Aggregated,17.800000,0.000000,5,5,5,5,6,6,7,44,44,44,44,2579,0,5,5.076983683992961,2.9620410005009035,44.464137999966624,6657.0
1780496629,36,GET,/glossaries/,17.100000,0.000000,5,5,5,5,6,6,7,44,44,44,44,2598,0,5,5.07646087644851,2.9620410005009035,44.464137999966624,6657.0
1780496629,36,,Aggregated,17.100000,0.000000,5,5,5,5,6,6,7,44,44,44,44,2598,0,5,5.07646087644851,2.9620410005009035,44.464137999966624,6657.0
1780496630,36,GET,/glossaries/,17.300000,0.000000,5,5,5,5,6,7,7,44,44,44,44,2611,0,5,5.076628664118118,2.9620410005009035,44.464137999966624,6657.0
1780496630,36,,Aggregated,17.300000,0.000000,5,5,5,5,6,7,7,44,44,44,44,2611,0,5,5.076628664118118,2.9620410005009035,44.464137999966624,6657.0
1780496631,36,GET,/glossaries/,17.600000,0.000000,5,5,5,5,6,6,7,44,44,44,44,2632,0,5,5.0743256534991605,2.9620410005009035,44.464137999966624,6657.0
1780496631,36,,Aggregated,17.600000,0.000000,5,5,5,5,6,6,7,44,44,44,44,2632,0,5,5.0743256534991605,2.9620410005009035,44.464137999966624,6657.0
1780496632,36,GET,/glossaries/,17.600000,0.000000,5,5,5,5,6,6,7,44,44,44,44,2648,0,5,5.071205383313833,2.9620410005009035,44.464137999966624,6657.0
1780496632,36,,Aggregated,17.600000,0.000000,5,5,5,5,6,6,7,44,44,44,44,2648,0,5,5.071205383313833,2.9620410005009035,44.464137999966624,6657.0
1780496633,37,GET,/glossaries/,17.200000,0.000000,5,5,5,5,6,6,8,44,44,44,44,2665,0,5,5.0710749726156985,2.9620410005009035,44.464137999966624,6657.0
1780496633,37,,Aggregated,17.200000,0.000000,5,5,5,5,6,6,8,44,44,44,44,2665,0,5,5.0710749726156985,2.9620410005009035,44.464137999966624,6657.0
1780496634,37,GET,/glossaries/,17.500000,0.000000,5,5,5,5,6,6,8,44,44,44,44,2686,0,5,5.0663078544372295,2.9620410005009035,44.464137999966624,6657.0
1780496634,37,,Aggregated,17.500000,0.000000,5,5,5,5,6,6,8,44,44,44,44,2686,0,5,5.0663078544372295,2.9620410005009035,44.464137999966624,6657.0
1780496635,37,GET,/glossaries/,17.100000,0.000000,5,5,5,5,6,6,6,7,8,8,8,2704,0,5,5.066010842464757,2.9620410005009035,44.464137999966624,6657.0
1780496635,37,,Aggregated,17.100000,0.000000,5,5,5,5,6,6,6,7,8,8,8,2704,0,5,5.066010842464757,2.9620410005009035,44.464137999966624,6657.0
1780496636,37,GET,/glossaries/,17.100000,0.000000,5,5,5,5,6,6,6,7,8,8,8,2720,0,5,5.06319321103908,2.9620410005009035,44.464137999966624,6657.0
1780496636,37,,Aggregated,17.100000,0.000000,5,5,5,5,6,6,6,7,8,8,8,2720,0,5,5.06319321103908,2.9620410005009035,44.464137999966624,6657.0
1780496637,37,GET,/glossaries/,17.600000,0.000000,5,5,5,5,6,6,7,8,9,9,9,2739,0,5,5.060959713773295,2.9620410005009035,44.464137999966624,6657.0
1780496637,37,,Aggregated,17.600000,0.000000,5,5,5,5,6,6,7,8,9,9,9,2739,0,5,5.060959713773295,2.9620410005009035,44.464137999966624,6657.0
1780496638,37,GET,/glossaries/,17.500000,0.000000,5,5,5,5,6,6,7,8,9,9,9,2762,0,5,5.059157045627893,2.9620410005009035,44.464137999966624,6657.0
1780496638,37,,Aggregated,17.500000,0.000000,5,5,5,5,6,6,7,8,9,9,9,2762,0,5,5.059157045627893,2.9620410005009035,44.464137999966624,6657.0
1780496639,37,GET,/glossaries/,18.500000,0.000000,5,5,5,5,6,6,7,8,9,9,9,2778,0,5,5.056105347021271,2.9620410005009035,44.464137999966624,6657.0
1780496639,37,,Aggregated,18.500000,0.000000,5,5,5,5,6,6,7,8,9,9,9,2778,0,5,5.056105347021271,2.9620410005009035,44.464137999966624,6657.0
1780496640,37,GET,/glossaries/,18.400000,0.000000,5,5,5,5,6,6,7,8,9,9,9,2802,0,5,5.052988473598985,2.9620410005009035,44.464137999966624,6657.0
1780496640,37,,Aggregated,18.400000,0.000000,5,5,5,5,6,6,7,8,9,9,9,2802,0,5,5.052988473598985,2.9620410005009035,44.464137999966624,6657.0
1780496641,38,GET,/glossaries/,18.200000,0.000000,5,5,5,5,6,6,7,8,9,9,9,2821,0,5,5.050594667856163,2.9620410005009035,44.464137999966624,6657.0
1780496641,38,,Aggregated,18.200000,0.000000,5,5,5,5,6,6,7,8,9,9,9,2821,0,5,5.050594667856163,2.9620410005009035,44.464137999966624,6657.0
1780496642,38,GET,/glossaries/,19.100000,0.000000,5,5,5,5,5,6,7,7,9,9,9,2832,0,5,5.050426774018091,2.9620410005009035,44.464137999966624,6657.0
1780496642,38,,Aggregated,19.100000,0.000000,5,5,5,5,5,6,7,7,9,9,9,2832,0,5,5.050426774018091,2.9620410005009035,44.464137999966624,6657.0
1780496643,38,GET,/glossaries/,19.100000,0.000000,5,5,5,5,5,6,7,7,9,9,9,2857,0,5,5.045782166266373,2.9620410005009035,44.464137999966624,6657.0
1780496643,38,,Aggregated,19.100000,0.000000,5,5,5,5,5,6,7,7,9,9,9,2857,0,5,5.045782166266373,2.9620410005009035,44.464137999966624,6657.0
1780496644,38,GET,/glossaries/,18.200000,0.000000,5,5,5,5,6,6,7,7,9,9,9,2874,0,5,5.044104940857188,2.9620410005009035,44.464137999966624,6657.0
1780496644,38,,Aggregated,18.200000,0.000000,5,5,5,5,6,6,7,7,9,9,9,2874,0,5,5.044104940857188,2.9620410005009035,44.464137999966624,6657.0
1780496645,38,GET,/glossaries/,19.400000,0.000000,5,5,5,5,6,6,7,8,9,9,9,2898,0,5,5.046943240517929,2.9620410005009035,44.464137999966624,6657.0
1780496645,38,,Aggregated,19.400000,0.000000,5,5,5,5,6,6,7,8,9,9,9,2898,0,5,5.046943240517929,2.9620410005009035,44.464137999966624,6657.0
1780496646,38,GET,/glossaries/,18.800000,0.000000,5,5,5,5,6,6,7,7,8,8,8,2916,0,5,5.046090056934794,2.9620410005009035,44.464137999966624,6657.0
1780496646,38,,Aggregated,18.800000,0.000000,5,5,5,5,6,6,7,7,8,8,8,2916,0,5,5.046090056934794,2.9620410005009035,44.464137999966624,6657.0
1780496647,38,GET,/glossaries/,19.500000,0.000000,5,5,5,5,6,6,6,7,8,8,8,2934,0,5,5.0445217372255335,2.9620410005009035,44.464137999966624,6657.0
1780496647,38,,Aggregated,19.500000,0.000000,5,5,5,5,6,6,6,7,8,8,8,2934,0,5,5.0445217372255335,2.9620410005009035,44.464137999966624,6657.0
1780496648,38,GET,/glossaries/,19.400000,0.000000,5,5,5,5,6,6,6,7,8,8,8,2953,0,5,5.044950519478915,2.9620410005009035,44.464137999966624,6657.0
1780496648,38,,Aggregated,19.400000,0.000000,5,5,5,5,6,6,6,7,8,8,8,2953,0,5,5.044950519478915,2.9620410005009035,44.464137999966624,6657.0
1780496649,39,GET,/glossaries/,19.300000,0.000000,5,5,5,5,6,6,6,7,8,8,8,2976,0,5,5.041419744295263,2.9620410005009035,44.464137999966624,6657.0
1780496649,39,,Aggregated,19.300000,0.000000,5,5,5,5,6,6,6,7,8,8,8,2976,0,5,5.041419744295263,2.9620410005009035,44.464137999966624,6657.0
1780496650,39,GET,/glossaries/,19.000000,0.000000,5,5,5,5,6,6,6,7,8,8,8,2994,0,5,5.039706546102665,2.9620410005009035,44.464137999966624,6657.0
1780496650,39,,Aggregated,19.000000,0.000000,5,5,5,5,6,6,6,7,8,8,8,2994,0,5,5.039706546102665,2.9620410005009035,44.464137999966624,6657.0
1780496651,39,GET,/glossaries/,19.700000,0.000000,5,5,5,5,6,6,6,7,8,8,8,3015,0,5,5.036305591387808,2.9620410005009035,44.464137999966624,6657.0
1780496651,39,,Aggregated,19.700000,0.000000,5,5,5,5,6,6,6,7,8,8,8,3015,0,5,5.036305591387808,2.9620410005009035,44.464137999966624,6657.0
1780496652,39,GET,/glossaries/,19.000000,0.000000,5,5,5,5,6,6,6,7,8,8,8,3031,0,5,5.034768793809935,2.9620410005009035,44.464137999966624,6657.0
1780496652,39,,Aggregated,19.000000,0.000000,5,5,5,5,6,6,6,7,8,8,8,3031,0,5,5.034768793809935,2.9620410005009035,44.464137999966624,6657.0
1780496653,39,GET,/glossaries/,19.000000,0.000000,5,5,5,5,6,6,6,7,8,8,8,3050,0,5,5.0339089727992254,2.9620410005009035,44.464137999966624,6657.0
1780496653,39,,Aggregated,19.000000,0.000000,5,5,5,5,6,6,6,7,8,8,8,3050,0,5,5.0339089727992254,2.9620410005009035,44.464137999966624,6657.0
1780496654,39,GET,/glossaries/,19.900000,0.000000,5,5,5,5,6,6,6,7,10,10,10,3068,0,5,5.034101297926071,2.9620410005009035,44.464137999966624,6657.0
1780496654,39,,Aggregated,19.900000,0.000000,5,5,5,5,6,6,6,7,10,10,10,3068,0,5,5.034101297926071,2.9620410005009035,44.464137999966624,6657.0
1780496655,39,GET,/glossaries/,19.400000,0.000000,5,5,5,5,6,6,6,7,10,10,10,3084,0,5,5.03379454313737,2.9620410005009035,44.464137999966624,6657.0
1780496655,39,,Aggregated,19.400000,0.000000,5,5,5,5,6,6,6,7,10,10,10,3084,0,5,5.03379454313737,2.9620410005009035,44.464137999966624,6657.0
1780496656,39,GET,/glossaries/,19.300000,0.000000,5,5,5,5,6,6,6,7,10,10,10,3104,0,5,5.032420583772491,2.9620410005009035,44.464137999966624,6657.0
1780496656,39,,Aggregated,19.300000,0.000000,5,5,5,5,6,6,6,7,10,10,10,3104,0,5,5.032420583772491,2.9620410005009035,44.464137999966624,6657.0
1780496657,40,GET,/glossaries/,18.700000,0.000000,5,5,5,5,5,6,6,7,10,10,10,3123,0,5,5.029367016980846,2.9620410005009035,44.464137999966624,6657.0
1780496657,40,,Aggregated,18.700000,0.000000,5,5,5,5,5,6,6,7,10,10,10,3123,0,5,5.029367016980846,2.9620410005009035,44.464137999966624,6657.0
1780496658,40,GET,/glossaries/,18.800000,0.000000,5,5,5,5,5,6,6,6,10,10,10,3144,0,5,5.025416010188445,2.9620410005009035,44.464137999966624,6657.0
1780496658,40,,Aggregated,18.800000,0.000000,5,5,5,5,5,6,6,6,10,10,10,3144,0,5,5.025416010188445,2.9620410005009035,44.464137999966624,6657.0
1780496659,40,GET,/glossaries/,19.000000,0.000000,5,5,5,5,6,6,6,7,10,10,10,3165,0,5,5.024577123865055,2.9620410005009035,44.464137999966624,6657.0
1780496659,40,,Aggregated,19.000000,0.000000,5,5,5,5,6,6,6,7,10,10,10,3165,0,5,5.024577123865055,2.9620410005009035,44.464137999966624,6657.0
1780496660,40,GET,/glossaries/,19.100000,0.000000,5,5,5,5,6,6,6,7,10,10,10,3186,0,5,5.025795038928805,2.9620410005009035,44.464137999966624,6657.0
1780496660,40,,Aggregated,19.100000,0.000000,5,5,5,5,6,6,6,7,10,10,10,3186,0,5,5.025795038928805,2.9620410005009035,44.464137999966624,6657.0
1780496661,40,GET,/glossaries/,18.800000,0.000000,5,5,5,5,6,6,7,8,10,10,10,3202,0,5,5.025686039047352,2.9620410005009035,44.464137999966624,6657.0
1780496661,40,,Aggregated,18.800000,0.000000,5,5,5,5,6,6,7,8,10,10,10,3202,0,5,5.025686039047352,2.9620410005009035,44.464137999966624,6657.0
1780496662,40,GET,/glossaries/,19.200000,0.000000,5,5,5,5,6,6,7,8,10,10,10,3221,0,5,5.025650211434608,2.9620410005009035,44.464137999966624,6657.0
1780496662,40,,Aggregated,19.200000,0.000000,5,5,5,5,6,6,7,8,10,10,10,3221,0,5,5.025650211434608,2.9620410005009035,44.464137999966624,6657.0
1780496663,40,GET,/glossaries/,18.700000,0.000000,5,5,5,5,6,6,8,10,10,10,10,3245,0,5,5.028196341767417,2.9620410005009035,44.464137999966624,6657.0
1780496663,40,,Aggregated,18.700000,0.000000,5,5,5,5,6,6,8,10,10,10,10,3245,0,5,5.028196341767417,2.9620410005009035,44.464137999966624,6657.0
1780496664,40,GET,/glossaries/,19.100000,0.000000,5,5,5,5,6,6,8,9,10,10,10,3259,0,5,5.028615744106589,2.9620410005009035,44.464137999966624,6657.0
1780496664,40,,Aggregated,19.100000,0.000000,5,5,5,5,6,6,8,9,10,10,10,3259,0,5,5.028615744106589,2.9620410005009035,44.464137999966624,6657.0
1780496665,41,GET,/glossaries/,19.300000,0.000000,5,5,5,5,6,6,8,9,10,10,10,3274,0,5,5.028966981381568,2.9620410005009035,44.464137999966624,6657.0
1780496665,41,,Aggregated,19.300000,0.000000,5,5,5,5,6,6,8,9,10,10,10,3274,0,5,5.028966981381568,2.9620410005009035,44.464137999966624,6657.0
1780496666,41,GET,/glossaries/,19.200000,0.000000,5,5,5,5,6,6,8,9,10,10,10,3299,0,5,5.025812606863636,2.9620410005009035,44.464137999966624,6657.0
1780496666,41,,Aggregated,19.200000,0.000000,5,5,5,5,6,6,8,9,10,10,10,3299,0,5,5.025812606863636,2.9620410005009035,44.464137999966624,6657.0
1780496667,41,GET,/glossaries/,19.000000,0.000000,5,5,5,5,6,6,8,9,10,10,10,3321,0,5,5.0227714971519966,2.9620410005009035,44.464137999966624,6657.0
1780496667,41,,Aggregated,19.000000,0.000000,5,5,5,5,6,6,8,9,10,10,10,3321,0,5,5.0227714971519966,2.9620410005009035,44.464137999966624,6657.0
1780496668,41,GET,/glossaries/,19.500000,0.000000,5,5,5,5,6,7,8,10,10,10,10,3345,0,5,5.02484823349561,2.9620410005009035,44.464137999966624,6657.0
1780496668,41,,Aggregated,19.500000,0.000000,5,5,5,5,6,7,8,10,10,10,10,3345,0,5,5.02484823349561,2.9620410005009035,44.464137999966624,6657.0
1780496669,41,GET,/glossaries/,19.800000,0.000000,5,5,5,5,6,7,8,10,10,10,10,3359,0,5,5.0245350925983985,2.9620410005009035,44.464137999966624,6657.0
1780496669,41,,Aggregated,19.800000,0.000000,5,5,5,5,6,7,8,10,10,10,10,3359,0,5,5.0245350925983985,2.9620410005009035,44.464137999966624,6657.0
1780496670,41,GET,/glossaries/,20.200000,0.000000,5,5,5,5,6,7,9,10,10,10,10,3381,0,5,5.024196422076294,2.9620410005009035,44.464137999966624,6657.0
1780496670,41,,Aggregated,20.200000,0.000000,5,5,5,5,6,7,9,10,10,10,10,3381,0,5,5.024196422076294,2.9620410005009035,44.464137999966624,6657.0
1780496671,41,GET,/glossaries/,19.500000,0.000000,5,5,5,5,6,7,9,10,10,10,10,3401,0,5,5.022677688925116,2.9620410005009035,44.464137999966624,6657.0
1780496671,41,,Aggregated,19.500000,0.000000,5,5,5,5,6,7,9,10,10,10,10,3401,0,5,5.022677688925116,2.9620410005009035,44.464137999966624,6657.0
1780496672,41,GET,/glossaries/,19.600000,0.000000,5,5,5,5,6,6,8,9,10,10,10,3424,0,5,5.021331810464702,2.9620410005009035,44.464137999966624,6657.0
1780496672,41,,Aggregated,19.600000,0.000000,5,5,5,5,6,6,8,9,10,10,10,3424,0,5,5.021331810464702,2.9620410005009035,44.464137999966624,6657.0
1780496673,42,GET,/glossaries/,19.800000,0.000000,5,5,5,5,6,6,8,9,10,10,10,3444,0,5,5.019848888800547,2.9620410005009035,44.464137999966624,6657.0
1780496673,42,,Aggregated,19.800000,0.000000,5,5,5,5,6,6,8,9,10,10,10,3444,0,5,5.019848888800547,2.9620410005009035,44.464137999966624,6657.0
1780496674,42,GET,/glossaries/,20.000000,0.000000,5,5,5,5,6,6,8,9,10,10,10,3472,0,5,5.020141242519034,2.9620410005009035,44.464137999966624,6657.0
1780496674,42,,Aggregated,20.000000,0.000000,5,5,5,5,6,6,8,9,10,10,10,3472,0,5,5.020141242519034,2.9620410005009035,44.464137999966624,6657.0
1780496675,42,GET,/glossaries/,20.000000,0.000000,5,5,5,5,6,7,8,9,10,10,10,3490,0,5,5.02279431462025,2.9620410005009035,44.464137999966624,6657.0
1780496675,42,,Aggregated,20.000000,0.000000,5,5,5,5,6,7,8,9,10,10,10,3490,0,5,5.02279431462025,2.9620410005009035,44.464137999966624,6657.0
1780496676,42,GET,/glossaries/,21.200000,0.000000,5,5,5,5,6,7,8,9,10,10,10,3515,0,5,5.020710519494651,2.9620410005009035,44.464137999966624,6657.0
1780496676,42,,Aggregated,21.200000,0.000000,5,5,5,5,6,7,8,9,10,10,10,3515,0,5,5.020710519494651,2.9620410005009035,44.464137999966624,6657.0
1780496677,42,GET,/glossaries/,21.200000,0.000000,5,5,5,5,6,7,7,8,9,9,9,3533,0,5,5.019624651860503,2.9620410005009035,44.464137999966624,6657.0
1780496677,42,,Aggregated,21.200000,0.000000,5,5,5,5,6,7,7,8,9,9,9,3533,0,5,5.019624651860503,2.9620410005009035,44.464137999966624,6657.0
1780496678,42,GET,/glossaries/,21.200000,0.000000,5,5,5,6,6,7,7,8,9,9,9,3553,0,5,5.021781555873735,2.9620410005009035,44.464137999966624,6657.0
1780496678,42,,Aggregated,21.200000,0.000000,5,5,5,6,6,7,7,8,9,9,9,3553,0,5,5.021781555873735,2.9620410005009035,44.464137999966624,6657.0
1780496679,42,GET,/glossaries/,21.300000,0.000000,5,5,5,6,6,7,7,7,7,7,7,3574,0,5,5.021708998884988,2.9620410005009035,44.464137999966624,6657.0
1780496679,42,,Aggregated,21.300000,0.000000,5,5,5,6,6,7,7,7,7,7,7,3574,0,5,5.021708998884988,2.9620410005009035,44.464137999966624,6657.0
1780496680,42,GET,/glossaries/,21.300000,0.000000,5,5,5,6,6,7,7,7,7,7,7,3595,0,5,5.021087684564693,2.9620410005009035,44.464137999966624,6657.0
1780496680,42,,Aggregated,21.300000,0.000000,5,5,5,6,6,7,7,7,7,7,7,3595,0,5,5.021087684564693,2.9620410005009035,44.464137999966624,6657.0
1780496681,43,GET,/glossaries/,21.400000,0.000000,5,5,5,6,6,7,7,7,7,7,7,3619,0,5,5.022559758775491,2.9620410005009035,44.464137999966624,6657.0
1780496681,43,,Aggregated,21.400000,0.000000,5,5,5,6,6,7,7,7,7,7,7,3619,0,5,5.022559758775491,2.9620410005009035,44.464137999966624,6657.0
1780496682,43,GET,/glossaries/,21.700000,0.000000,5,5,5,6,6,7,7,7,7,7,7,3639,0,5,5.020957059910095,2.9620410005009035,44.464137999966624,6657.0
1780496682,43,,Aggregated,21.700000,0.000000,5,5,5,6,6,7,7,7,7,7,7,3639,0,5,5.020957059910095,2.9620410005009035,44.464137999966624,6657.0
1780496683,43,GET,/glossaries/,21.800000,0.000000,5,5,5,6,6,7,7,7,7,7,7,3657,0,5,5.0197541307125455,2.9620410005009035,44.464137999966624,6657.0
1780496683,43,,Aggregated,21.800000,0.000000,5,5,5,6,6,7,7,7,7,7,7,3657,0,5,5.0197541307125455,2.9620410005009035,44.464137999966624,6657.0
1780496684,43,GET,/glossaries/,21.400000,0.000000,5,5,5,5,6,6,7,7,7,7,7,3681,0,5,5.018090649285913,2.9620410005009035,44.464137999966624,6657.0
1780496684,43,,Aggregated,21.400000,0.000000,5,5,5,5,6,6,7,7,7,7,7,3681,0,5,5.018090649285913,2.9620410005009035,44.464137999966624,6657.0
1780496685,43,GET,/glossaries/,21.300000,0.000000,5,5,5,5,6,6,7,7,7,7,7,3701,0,5,5.015913580119323,2.9620410005009035,44.464137999966624,6657.0
1780496685,43,,Aggregated,21.300000,0.000000,5,5,5,5,6,6,7,7,7,7,7,3701,0,5,5.015913580119323,2.9620410005009035,44.464137999966624,6657.0
1780496686,43,GET,/glossaries/,21.300000,0.000000,5,5,5,5,6,6,7,7,7,7,7,3720,0,5,5.0127122892517555,2.9620410005009035,44.464137999966624,6657.0
1780496686,43,,Aggregated,21.300000,0.000000,5,5,5,5,6,6,7,7,7,7,7,3720,0,5,5.0127122892517555,2.9620410005009035,44.464137999966624,6657.0
1780496687,43,GET,/glossaries/,20.900000,0.000000,5,5,5,5,6,6,6,7,7,7,7,3740,0,5,5.010739403479677,2.9620410005009035,44.464137999966624,6657.0
1780496687,43,,Aggregated,20.900000,0.000000,5,5,5,5,6,6,6,7,7,7,7,3740,0,5,5.010739403479677,2.9620410005009035,44.464137999966624,6657.0
1780496688,43,GET,/glossaries/,21.100000,0.000000,5,5,5,5,6,6,6,7,7,7,7,3766,0,5,5.008116735001313,2.9620410005009035,44.464137999966624,6657.0
1780496688,43,,Aggregated,21.100000,0.000000,5,5,5,5,6,6,6,7,7,7,7,3766,0,5,5.008116735001313,2.9620410005009035,44.464137999966624,6657.0
1780496689,44,GET,/glossaries/,20.300000,0.000000,5,5,5,5,6,6,6,7,7,7,7,3787,0,5,5.0093244357036335,2.9620410005009035,44.464137999966624,6657.0
1780496689,44,,Aggregated,20.300000,0.000000,5,5,5,5,6,6,6,7,7,7,7,3787,0,5,5.0093244357036335,2.9620410005009035,44.464137999966624,6657.0
1780496690,44,GET,/glossaries/,20.300000,0.000000,5,5,5,5,6,6,6,7,7,7,7,3806,0,5,5.010997810564335,2.9620410005009035,44.464137999966624,6657.0
1780496690,44,,Aggregated,20.300000,0.000000,5,5,5,5,6,6,6,7,7,7,7,3806,0,5,5.010997810564335,2.9620410005009035,44.464137999966624,6657.0
1780496691,44,GET,/glossaries/,21.100000,0.000000,5,5,5,5,6,6,6,7,7,7,7,3832,0,5,5.008665628655438,2.9620410005009035,44.464137999966624,6657.0
1780496691,44,,Aggregated,21.100000,0.000000,5,5,5,5,6,6,6,7,7,7,7,3832,0,5,5.008665628655438,2.9620410005009035,44.464137999966624,6657.0
1780496692,44,GET,/glossaries/,21.100000,0.000000,5,5,5,5,6,6,6,7,7,7,7,3852,0,5,5.008468554259785,2.9620410005009035,44.464137999966624,6657.0
1780496692,44,,Aggregated,21.100000,0.000000,5,5,5,5,6,6,6,7,7,7,7,3852,0,5,5.008468554259785,2.9620410005009035,44.464137999966624,6657.0
1780496693,44,GET,/glossaries/,20.900000,0.000000,5,5,5,5,6,6,6,7,7,7,7,3874,0,5,5.007268862676272,2.9620410005009035,44.464137999966624,6657.0
1780496693,44,,Aggregated,20.900000,0.000000,5,5,5,5,6,6,6,7,7,7,7,3874,0,5,5.007268862676272,2.9620410005009035,44.464137999966624,6657.0
1780496694,44,GET,/glossaries/,21.700000,0.000000,5,5,5,5,6,6,6,7,7,7,7,3899,0,5,5.004653378304244,2.9385559992078925,44.464137999966624,6657.0
1780496694,44,,Aggregated,21.700000,0.000000,5,5,5,5,6,6,6,7,7,7,7,3899,0,5,5.004653378304244,2.9385559992078925,44.464137999966624,6657.0
1780496695,44,GET,/glossaries/,21.400000,0.000000,5,5,5,5,6,6,6,7,7,7,7,3922,0,5,5.002668835035516,2.9385559992078925,44.464137999966624,6657.0
1780496695,44,,Aggregated,21.400000,0.000000,5,5,5,5,6,6,6,7,7,7,7,3922,0,5,5.002668835035516,2.9385559992078925,44.464137999966624,6657.0
1780496696,44,GET,/glossaries/,21.700000,0.000000,5,5,5,5,6,6,6,7,7,7,7,3945,0,5,5.001522568823775,2.9385559992078925,44.464137999966624,6657.0
1780496696,44,,Aggregated,21.700000,0.000000,5,5,5,5,6,6,6,7,7,7,7,3945,0,5,5.001522568823775,2.9385559992078925,44.464137999966624,6657.0
1780496697,45,GET,/glossaries/,21.700000,0.000000,5,5,5,5,6,6,7,7,7,7,7,3963,0,5,5.001946694931562,2.9385559992078925,44.464137999966624,6657.0
1780496697,45,,Aggregated,21.700000,0.000000,5,5,5,5,6,6,7,7,7,7,7,3963,0,5,5.001946694931562,2.9385559992078925,44.464137999966624,6657.0
1780496698,45,GET,/glossaries/,22.300000,0.000000,5,5,5,5,6,6,6,7,7,7,7,3990,0,5,4.99950612381251,2.9174370010878192,44.464137999966624,6657.0
1780496698,45,,Aggregated,22.300000,0.000000,5,5,5,5,6,6,6,7,7,7,7,3990,0,5,4.99950612381251,2.9174370010878192,44.464137999966624,6657.0
1780496699,45,GET,/glossaries/,22.700000,0.000000,5,5,5,5,6,6,6,7,17,17,17,4016,0,5,5.000615487055514,2.9174370010878192,44.464137999966624,6657.0
1780496699,45,,Aggregated,22.700000,0.000000,5,5,5,5,6,6,6,7,17,17,17,4016,0,5,5.000615487055514,2.9174370010878192,44.464137999966624,6657.0
1780496700,45,GET,/glossaries/,22.300000,0.000000,5,5,5,5,6,6,6,7,17,17,17,4036,0,5,4.99800123612853,2.9174370010878192,44.464137999966624,6657.0
1780496700,45,,Aggregated,22.300000,0.000000,5,5,5,5,6,6,6,7,17,17,17,4036,0,5,4.99800123612853,2.9174370010878192,44.464137999966624,6657.0
1780496701,45,GET,/glossaries/,23.100000,0.000000,5,5,5,5,6,6,6,7,17,17,17,4055,0,5,4.9967497743574265,2.9174370010878192,44.464137999966624,6657.0
1780496701,45,,Aggregated,23.100000,0.000000,5,5,5,5,6,6,6,7,17,17,17,4055,0,5,4.9967497743574265,2.9174370010878192,44.464137999966624,6657.0
1780496702,45,GET,/glossaries/,22.800000,0.000000,5,5,5,5,6,6,7,7,17,17,17,4082,0,5,4.99768828981286,2.9174370010878192,44.464137999966624,6657.0
1780496702,45,,Aggregated,22.800000,0.000000,5,5,5,5,6,6,7,7,17,17,17,4082,0,5,4.99768828981286,2.9174370010878192,44.464137999966624,6657.0
1780496703,45,GET,/glossaries/,22.800000,0.000000,5,5,5,5,6,6,7,7,17,17,17,4109,0,5,4.997925255299309,2.9174370010878192,44.464137999966624,6657.0
1780496703,45,,Aggregated,22.800000,0.000000,5,5,5,5,6,6,7,7,17,17,17,4109,0,5,4.997925255299309,2.9174370010878192,44.464137999966624,6657.0
1780496704,45,GET,/glossaries/,22.900000,0.000000,5,5,5,5,6,6,7,7,17,17,17,4122,0,5,4.999147241879182,2.9174370010878192,44.464137999966624,6657.0
1780496704,45,,Aggregated,22.900000,0.000000,5,5,5,5,6,6,7,7,17,17,17,4122,0,5,4.999147241879182,2.9174370010878192,44.464137999966624,6657.0
1780496705,46,GET,/glossaries/,23.300000,0.000000,5,5,5,6,6,7,8,9,17,17,17,4153,0,5,5.006520169040652,2.9174370010878192,44.464137999966624,6657.0
1780496705,46,,Aggregated,23.300000,0.000000,5,5,5,6,6,7,8,9,17,17,17,4153,0,5,5.006520169040652,2.9174370010878192,44.464137999966624,6657.0
1780496706,46,GET,/glossaries/,22.700000,0.000000,5,5,5,6,6,7,8,9,17,17,17,4176,0,5,5.008115199957344,2.9174370010878192,44.464137999966624,6657.0
1780496706,46,,Aggregated,22.700000,0.000000,5,5,5,6,6,7,8,9,17,17,17,4176,0,5,5.008115199957344,2.9174370010878192,44.464137999966624,6657.0
1780496707,46,GET,/glossaries/,23.000000,0.000000,5,5,5,6,6,7,8,9,17,17,17,4200,0,5,5.006849928816207,2.9174370010878192,44.464137999966624,6657.0
1780496707,46,,Aggregated,23.000000,0.000000,5,5,5,6,6,7,8,9,17,17,17,4200,0,5,5.006849928816207,2.9174370010878192,44.464137999966624,6657.0
1780496708,46,GET,/glossaries/,23.200000,0.000000,5,5,5,6,6,7,8,8,9,9,9,4232,0,5,5.0011924985889955,2.9174370010878192,44.464137999966624,6657.0
1780496708,46,,Aggregated,23.200000,0.000000,5,5,5,6,6,7,8,8,9,9,9,4232,0,5,5.0011924985889955,2.9174370010878192,44.464137999966624,6657.0
1780496709,46,GET,/glossaries/,23.300000,0.000000,5,5,5,6,6,7,8,8,9,9,9,4251,0,5,4.999968040469384,2.9174370010878192,44.464137999966624,6657.0
1780496709,46,,Aggregated,23.300000,0.000000,5,5,5,6,6,7,8,8,9,9,9,4251,0,5,4.999968040469384,2.9174370010878192,44.464137999966624,6657.0
1780496710,46,GET,/glossaries/,23.800000,0.000000,5,5,5,6,6,7,8,8,9,9,9,4268,0,5,4.997760841151208,2.9174370010878192,44.464137999966624,6657.0
1780496710,46,,Aggregated,23.800000,0.000000,5,5,5,6,6,7,8,8,9,9,9,4268,0,5,4.997760841151208,2.9174370010878192,44.464137999966624,6657.0
1780496711,46,GET,/glossaries/,23.500000,0.000000,5,5,5,6,6,7,8,8,9,9,9,4292,0,5,4.994589640968436,2.9174370010878192,44.464137999966624,6657.0
1780496711,46,,Aggregated,23.500000,0.000000,5,5,5,6,6,7,8,8,9,9,9,4292,0,5,4.994589640968436,2.9174370010878192,44.464137999966624,6657.0
1780496712,46,GET,/glossaries/,23.300000,0.000000,5,5,5,6,6,7,8,8,9,9,9,4316,0,5,4.991495380223034,2.9174370010878192,44.464137999966624,6657.0
1780496712,46,,Aggregated,23.300000,0.000000,5,5,5,6,6,7,8,8,9,9,9,4316,0,5,4.991495380223034,2.9174370010878192,44.464137999966624,6657.0
1780496713,47,GET,/glossaries/,23.700000,0.000000,5,5,5,5,6,7,8,8,9,9,9,4337,0,5,4.989840428187009,2.9174370010878192,44.464137999966624,6657.0
1780496713,47,,Aggregated,23.700000,0.000000,5,5,5,5,6,7,8,8,9,9,9,4337,0,5,4.989840428187009,2.9174370010878192,44.464137999966624,6657.0
1780496714,47,GET,/glossaries/,23.100000,0.000000,5,5,5,5,6,6,7,7,8,8,8,4363,0,5,4.98665655307121,2.9174370010878192,44.464137999966624,6657.0
1780496714,47,,Aggregated,23.100000,0.000000,5,5,5,5,6,6,7,7,8,8,8,4363,0,5,4.98665655307121,2.9174370010878192,44.464137999966624,6657.0
1780496715,47,GET,/glossaries/,23.200000,0.000000,5,5,5,5,5,6,6,7,7,7,7,4379,0,5,4.986333727118211,2.9174370010878192,44.464137999966624,6657.0
1780496715,47,,Aggregated,23.200000,0.000000,5,5,5,5,5,6,6,7,7,7,7,4379,0,5,4.986333727118211,2.9174370010878192,44.464137999966624,6657.0
1780496716,47,GET,/glossaries/,23.500000,0.000000,4,5,5,5,5,6,6,7,7,7,7,4406,0,5,4.981981019302258,2.9174370010878192,44.464137999966624,6657.0
1780496716,47,,Aggregated,23.500000,0.000000,4,5,5,5,5,6,6,7,7,7,7,4406,0,5,4.981981019302258,2.9174370010878192,44.464137999966624,6657.0
1780496717,47,GET,/glossaries/,22.500000,0.000000,5,5,5,5,5,6,6,7,7,7,7,4438,0,5,4.979770675089123,2.9174370010878192,44.464137999966624,6657.0
1780496717,47,,Aggregated,22.500000,0.000000,5,5,5,5,5,6,6,7,7,7,7,4438,0,5,4.979770675089123,2.9174370010878192,44.464137999966624,6657.0
1780496718,47,GET,/glossaries/,22.900000,0.000000,5,5,5,5,6,6,6,7,7,7,7,4456,0,5,4.98127669906797,2.9174370010878192,44.464137999966624,6657.0
1780496718,47,,Aggregated,22.900000,0.000000,5,5,5,5,6,6,6,7,7,7,7,4456,0,5,4.98127669906797,2.9174370010878192,44.464137999966624,6657.0
1780496719,47,GET,/glossaries/,23.600000,0.000000,5,5,5,5,5,6,6,7,7,7,7,4488,0,5,4.97690994764788,2.9174370010878192,44.464137999966624,6657.0
1780496719,47,,Aggregated,23.600000,0.000000,5,5,5,5,5,6,6,7,7,7,7,4488,0,5,4.97690994764788,2.9174370010878192,44.464137999966624,6657.0
1780496720,47,GET,/glossaries/,22.700000,0.000000,5,5,5,5,6,6,6,7,7,7,7,4508,0,5,4.975599834303806,2.9174370010878192,44.464137999966624,6657.0
1780496720,47,,Aggregated,22.700000,0.000000,5,5,5,5,6,6,6,7,7,7,7,4508,0,5,4.975599834303806,2.9174370010878192,44.464137999966624,6657.0
1780496721,48,GET,/glossaries/,23.700000,0.000000,5,5,5,5,6,6,6,7,7,7,7,4534,0,5,4.974039004641699,2.9174370010878192,44.464137999966624,6657.0
1780496721,48,,Aggregated,23.700000,0.000000,5,5,5,5,6,6,6,7,7,7,7,4534,0,5,4.974039004641699,2.9174370010878192,44.464137999966624,6657.0
1780496722,48,GET,/glossaries/,23.500000,0.000000,5,5,5,5,6,6,6,7,7,7,7,4551,0,5,4.973797060436173,2.9174370010878192,44.464137999966624,6657.0
1780496722,48,,Aggregated,23.500000,0.000000,5,5,5,5,6,6,6,7,7,7,7,4551,0,5,4.973797060436173,2.9174370010878192,44.464137999966624,6657.0
1780496723,48,GET,/glossaries/,23.800000,0.000000,5,5,5,5,6,6,6,7,7,7,7,4576,0,5,4.970779994548084,2.9174370010878192,44.464137999966624,6657.0
1780496723,48,,Aggregated,23.800000,0.000000,5,5,5,5,6,6,6,7,7,7,7,4576,0,5,4.970779994548084,2.9174370010878192,44.464137999966624,6657.0
1780496724,48,GET,/glossaries/,23.900000,0.000000,5,5,5,5,6,6,6,7,7,7,7,4597,0,5,4.970240342190118,2.9174370010878192,44.464137999966624,6657.0
1780496724,48,,Aggregated,23.900000,0.000000,5,5,5,5,6,6,6,7,7,7,7,4597,0,5,4.970240342190118,2.9174370010878192,44.464137999966624,6657.0
1780496725,48,GET,/glossaries/,24.100000,0.000000,5,5,5,5,6,6,6,7,7,7,7,4621,0,5,4.969265751578708,2.9174370010878192,44.464137999966624,6657.0
1780496725,48,,Aggregated,24.100000,0.000000,5,5,5,5,6,6,6,7,7,7,7,4621,0,5,4.969265751578708,2.9174370010878192,44.464137999966624,6657.0
1780496726,48,GET,/glossaries/,23.700000,0.000000,5,5,5,5,6,6,6,7,7,7,7,4648,0,5,4.9675094922646315,2.9174370010878192,44.464137999966624,6657.0
1780496726,48,,Aggregated,23.700000,0.000000,5,5,5,5,6,6,6,7,7,7,7,4648,0,5,4.9675094922646315,2.9174370010878192,44.464137999966624,6657.0
1780496727,48,GET,/glossaries/,24.100000,0.000000,5,5,5,5,6,6,6,7,7,7,7,4672,0,5,4.965127605745916,2.9174370010878192,44.464137999966624,6657.0
1780496727,48,,Aggregated,24.100000,0.000000,5,5,5,5,6,6,6,7,7,7,7,4672,0,5,4.965127605745916,2.9174370010878192,44.464137999966624,6657.0
1780496728,48,GET,/glossaries/,24.000000,0.000000,5,5,5,5,6,6,6,6,7,7,7,4696,0,5,4.9628461733501315,2.9174370010878192,44.464137999966624,6657.0
1780496728,48,,Aggregated,24.000000,0.000000,5,5,5,5,6,6,6,6,7,7,7,4696,0,5,4.9628461733501315,2.9174370010878192,44.464137999966624,6657.0
1780496729,49,GET,/glossaries/,23.300000,0.000000,5,5,5,5,6,6,6,7,9,9,9,4717,0,5,4.962913136114444,2.9174370010878192,44.464137999966624,6657.0
1780496729,49,,Aggregated,23.300000,0.000000,5,5,5,5,6,6,6,7,9,9,9,4717,0,5,4.962913136114444,2.9174370010878192,44.464137999966624,6657.0
1780496730,49,GET,/glossaries/,24.000000,0.000000,5,5,5,5,5,6,7,8,9,9,9,4745,0,5,4.960096549010793,2.9174370010878192,44.464137999966624,6657.0
1780496730,49,,Aggregated,24.000000,0.000000,5,5,5,5,5,6,7,8,9,9,9,4745,0,5,4.960096549010793,2.9174370010878192,44.464137999966624,6657.0
1780496731,49,GET,/glossaries/,22.900000,0.000000,5,5,5,5,5,6,7,8,9,9,9,4768,0,5,4.9575776403223655,2.9174370010878192,44.464137999966624,6657.0
1780496731,49,,Aggregated,22.900000,0.000000,5,5,5,5,5,6,7,8,9,9,9,4768,0,5,4.9575776403223655,2.9174370010878192,44.464137999966624,6657.0
1780496732,49,GET,/glossaries/,23.900000,0.000000,5,5,5,5,5,6,7,8,9,9,9,4797,0,5,4.955582009808295,2.9174370010878192,44.464137999966624,6657.0
1780496732,49,,Aggregated,23.900000,0.000000,5,5,5,5,5,6,7,8,9,9,9,4797,0,5,4.955582009808295,2.9174370010878192,44.464137999966624,6657.0
1780496733,49,GET,/glossaries/,23.500000,0.000000,5,5,5,5,5,6,7,8,9,9,9,4817,0,5,4.953439163806202,2.9174370010878192,44.464137999966624,6657.0
1780496733,49,,Aggregated,23.500000,0.000000,5,5,5,5,5,6,7,8,9,9,9,4817,0,5,4.953439163806202,2.9174370010878192,44.464137999966624,6657.0
1780496734,49,GET,/glossaries/,23.900000,0.000000,5,5,5,5,5,6,7,8,9,9,9,4844,0,5,4.951625767352281,2.9174370010878192,44.464137999966624,6657.0
1780496734,49,,Aggregated,23.900000,0.000000,5,5,5,5,5,6,7,8,9,9,9,4844,0,5,4.951625767352281,2.9174370010878192,44.464137999966624,6657.0
1780496735,49,GET,/glossaries/,24.000000,0.000000,5,5,5,5,5,6,7,8,9,9,9,4869,0,5,4.9520217188444455,2.9174370010878192,44.464137999966624,6657.0
1780496735,49,,Aggregated,24.000000,0.000000,5,5,5,5,5,6,7,8,9,9,9,4869,0,5,4.9520217188444455,2.9174370010878192,44.464137999966624,6657.0
1780496736,49,GET,/glossaries/,24.400000,0.000000,5,5,5,5,6,6,8,8,10,10,10,4887,0,5,4.953189725405171,2.9174370010878192,44.464137999966624,6657.0
1780496736,49,,Aggregated,24.400000,0.000000,5,5,5,5,6,6,8,8,10,10,10,4887,0,5,4.953189725405171,2.9174370010878192,44.464137999966624,6657.0
1780496737,50,GET,/glossaries/,24.900000,0.000000,5,5,5,5,6,7,8,8,10,10,10,4922,0,5,4.950532103017725,2.9174370010878192,44.464137999966624,6657.0
1780496737,50,,Aggregated,24.900000,0.000000,5,5,5,5,6,7,8,8,10,10,10,4922,0,5,4.950532103017725,2.9174370010878192,44.464137999966624,6657.0
1780496738,50,GET,/glossaries/,24.000000,0.000000,5,5,5,5,6,6,7,8,10,10,10,4942,0,5,4.949433416238632,2.9174370010878192,44.464137999966624,6657.0
1780496738,50,,Aggregated,24.000000,0.000000,5,5,5,5,6,6,7,8,10,10,10,4942,0,5,4.949433416238632,2.9174370010878192,44.464137999966624,6657.0
1780496739,50,GET,/glossaries/,24.800000,0.000000,5,5,5,5,6,6,7,7,10,10,10,4969,0,5,4.946189571753557,2.9174370010878192,44.464137999966624,6657.0
1780496739,50,,Aggregated,24.900000,0.000000,5,5,5,5,6,6,7,7,10,10,10,4969,0,5,4.946189571753557,2.9174370010878192,44.464137999966624,6657.0
1780496740,50,GET,/glossaries/,24.700000,0.000000,5,5,5,5,6,6,7,7,10,10,10,4988,0,5,4.944349389543838,2.9174370010878192,44.464137999966624,6657.0
1780496740,50,,Aggregated,24.700000,0.000000,5,5,5,5,6,6,7,7,10,10,10,4988,0,5,4.944349389543838,2.9174370010878192,44.464137999966624,6657.0
1780496741,50,GET,/glossaries/,25.000000,0.000000,5,5,5,5,6,6,7,7,10,10,10,5024,0,5,4.939078625207915,2.9174370010878192,44.464137999966624,6657.0
1780496741,50,,Aggregated,25.000000,0.000000,5,5,5,5,6,6,7,7,10,10,10,5024,0,5,4.939078625207915,2.9174370010878192,44.464137999966624,6657.0
1780496742,50,GET,/glossaries/,24.300000,0.000000,5,5,5,5,6,6,7,8,10,10,10,5044,0,5,4.941371246638513,2.9174370010878192,44.464137999966624,6657.0
1780496742,50,,Aggregated,24.300000,0.000000,5,5,5,5,6,6,7,8,10,10,10,5044,0,5,4.941371246638513,2.9174370010878192,44.464137999966624,6657.0
1780496743,50,GET,/glossaries/,25.500000,0.000000,5,5,5,5,6,6,7,8,10,10,10,5068,0,5,4.941316832883407,2.9174370010878192,44.464137999966624,6657.0
1780496743,50,,Aggregated,25.500000,0.000000,5,5,5,5,6,6,7,8,10,10,10,5068,0,5,4.941316832883407,2.9174370010878192,44.464137999966624,6657.0
1780496744,50,GET,/glossaries/,24.500000,0.000000,5,5,5,5,6,6,7,8,10,10,10,5091,0,5,4.941427629356175,2.9174370010878192,44.464137999966624,6657.0
1780496744,50,,Aggregated,24.500000,0.000000,5,5,5,5,6,6,7,8,10,10,10,5091,0,5,4.941427629356175,2.9174370010878192,44.464137999966624,6657.0
1780496745,50,GET,/glossaries/,25.000000,0.000000,5,5,5,5,6,6,7,7,8,8,8,5122,0,5,4.939645338355585,2.9174370010878192,44.464137999966624,6657.0
1780496745,50,,Aggregated,25.000000,0.000000,5,5,5,5,6,6,7,7,8,8,8,5122,0,5,4.939645338355585,2.9174370010878192,44.464137999966624,6657.0
1780496746,50,GET,/glossaries/,24.900000,0.000000,5,5,5,5,6,6,7,7,8,8,8,5140,0,5,4.939559858376156,2.9174370010878192,44.464137999966624,6657.0
1780496746,50,,Aggregated,24.900000,0.000000,5,5,5,5,6,6,7,7,8,8,8,5140,0,5,4.939559858376156,2.9174370010878192,44.464137999966624,6657.0
1780496747,50,GET,/glossaries/,25.100000,0.000000,5,5,5,5,6,6,7,7,8,8,8,5172,0,5,4.9358383441709455,2.9174370010878192,44.464137999966624,6657.0
1780496747,50,,Aggregated,25.100000,0.000000,5,5,5,5,6,6,7,7,8,8,8,5172,0,5,4.9358383441709455,2.9174370010878192,44.464137999966624,6657.0
1780496748,50,GET,/glossaries/,25.300000,0.000000,5,5,5,5,6,6,7,7,8,8,8,5195,0,5,4.9342530567960035,2.9174370010878192,44.464137999966624,6657.0
1780496748,50,,Aggregated,25.300000,0.000000,5,5,5,5,6,6,7,7,8,8,8,5195,0,5,4.9342530567960035,2.9174370010878192,44.464137999966624,6657.0
1780496749,50,GET,/glossaries/,25.200000,0.000000,5,5,5,5,6,6,7,7,8,8,8,5224,0,5,4.932869946794936,2.9174370010878192,44.464137999966624,6657.0
1780496749,50,,Aggregated,25.100000,0.000000,5,5,5,5,6,6,7,7,8,8,8,5224,0,5,4.932869946794936,2.9174370010878192,44.464137999966624,6657.0
1780496750,50,GET,/glossaries/,25.100000,0.000000,5,5,5,5,6,6,7,7,8,8,8,5245,0,5,4.932639767790981,2.9174370010878192,44.464137999966624,6657.0
1780496750,50,,Aggregated,25.100000,0.000000,5,5,5,5,6,6,7,7,8,8,8,5245,0,5,4.932639767790981,2.9174370010878192,44.464137999966624,6657.0
1780496751,50,GET,/glossaries/,25.300000,0.000000,5,5,5,5,6,6,7,7,7,7,7,5274,0,5,4.92876543383733,2.9174370010878192,44.464137999966624,6657.0
1780496751,50,,Aggregated,25.300000,0.000000,5,5,5,5,6,6,7,7,7,7,7,5274,0,5,4.92876543383733,2.9174370010878192,44.464137999966624,6657.0
1780496752,50,GET,/glossaries/,25.500000,0.000000,5,5,5,5,6,6,6,7,7,7,7,5296,0,5,4.927540685244695,2.9174370010878192,44.464137999966624,6657.0
1780496752,50,,Aggregated,25.500000,0.000000,5,5,5,5,6,6,6,7,7,7,7,5296,0,5,4.927540685244695,2.9174370010878192,44.464137999966624,6657.0
1780496753,50,GET,/glossaries/,24.900000,0.000000,5,5,5,5,6,6,7,7,7,7,7,5324,0,5,4.926533506397478,2.9174370010878192,44.464137999966624,6657.0
1780496753,50,,Aggregated,24.900000,0.000000,5,5,5,5,6,6,7,7,7,7,7,5324,0,5,4.926533506397478,2.9174370010878192,44.464137999966624,6657.0
1780496754,50,GET,/glossaries/,25.800000,0.000000,5,5,5,5,6,6,7,7,7,7,7,5351,0,5,4.924635598403867,2.9174370010878192,44.464137999966624,6657.0
1780496754,50,,Aggregated,25.800000,0.000000,5,5,5,5,6,6,7,7,7,7,7,5351,0,5,4.924635598403867,2.9174370010878192,44.464137999966624,6657.0
1780496755,50,GET,/glossaries/,25.300000,0.000000,5,5,5,5,6,6,6,7,7,7,7,5370,0,5,4.923831424032495,2.9174370010878192,44.464137999966624,6657.0
1780496755,50,,Aggregated,25.300000,0.000000,5,5,5,5,6,6,6,7,7,7,7,5370,0,5,4.923831424032495,2.9174370010878192,44.464137999966624,6657.0
1780496756,50,GET,/glossaries/,25.800000,0.000000,5,5,5,5,6,6,6,7,7,7,7,5397,0,5,4.9218536575966025,2.9174370010878192,44.464137999966624,6657.0
1780496756,50,,Aggregated,25.800000,0.000000,5,5,5,5,6,6,6,7,7,7,7,5397,0,5,4.9218536575966025,2.9174370010878192,44.464137999966624,6657.0
1780496757,50,GET,/glossaries/,24.700000,0.000000,5,5,5,5,6,6,6,7,7,7,7,5428,0,5,4.921370512167243,2.9174370010878192,44.464137999966624,6657.0
1780496757,50,,Aggregated,24.700000,0.000000,5,5,5,5,6,6,6,7,7,7,7,5428,0,5,4.921370512167243,2.9174370010878192,44.464137999966624,6657.0
1780496758,50,GET,/glossaries/,25.500000,0.000000,5,5,5,5,6,6,7,7,7,7,7,5449,0,5,4.921370945687072,2.9174370010878192,44.464137999966624,6657.0
1780496758,50,,Aggregated,25.500000,0.000000,5,5,5,5,6,6,7,7,7,7,7,5449,0,5,4.921370945687072,2.9174370010878192,44.464137999966624,6657.0
1780496759,50,GET,/glossaries/,25.700000,0.000000,5,5,5,5,6,6,6,7,7,7,7,5477,0,5,4.918585620421486,2.9174370010878192,44.464137999966624,6657.0
1780496759,50,,Aggregated,25.700000,0.000000,5,5,5,5,6,6,6,7,7,7,7,5477,0,5,4.918585620421486,2.9174370010878192,44.464137999966624,6657.0
1780496760,50,GET,/glossaries/,25.400000,0.000000,5,5,5,5,6,6,6,7,7,7,7,5498,0,5,4.920304978181929,2.9174370010878192,44.464137999966624,6657.0
1780496760,50,,Aggregated,25.400000,0.000000,5,5,5,5,6,6,6,7,7,7,7,5498,0,5,4.920304978181929,2.9174370010878192,44.464137999966624,6657.0
1780496761,50,GET,/glossaries/,25.500000,0.000000,5,5,5,5,6,6,7,7,7,7,7,5523,0,5,4.919990365026927,2.9174370010878192,44.464137999966624,6657.0
1780496761,50,,Aggregated,25.500000,0.000000,5,5,5,5,6,6,7,7,7,7,7,5523,0,5,4.919990365026927,2.9174370010878192,44.464137999966624,6657.0
1780496762,50,GET,/glossaries/,25.500000,0.000000,5,5,5,5,6,6,6,7,7,7,7,5549,0,5,4.9176699646861834,2.9174370010878192,44.464137999966624,6657.0
1780496762,50,,Aggregated,25.500000,0.000000,5,5,5,5,6,6,6,7,7,7,7,5549,0,5,4.9176699646861834,2.9174370010878192,44.464137999966624,6657.0
1780496763,50,GET,/glossaries/,24.900000,0.000000,5,5,5,5,6,6,6,7,7,7,7,5572,0,5,4.915700588127219,2.9174370010878192,44.464137999966624,6657.0
1780496763,50,,Aggregated,24.900000,0.000000,5,5,5,5,6,6,6,7,7,7,7,5572,0,5,4.915700588127219,2.9174370010878192,44.464137999966624,6657.0
1780496764,50,GET,/glossaries/,25.600000,0.000000,5,5,5,5,6,6,6,7,7,7,7,5602,0,5,4.912491768304593,2.9174370010878192,44.464137999966624,6657.0
1780496764,50,,Aggregated,25.600000,0.000000,5,5,5,5,6,6,6,7,7,7,7,5602,0,5,4.912491768304593,2.9174370010878192,44.464137999966624,6657.0
1780496765,50,GET,/glossaries/,25.100000,0.000000,5,5,5,5,6,6,6,7,7,7,7,5622,0,5,4.911118611356056,2.9174370010878192,44.464137999966624,6657.0
1780496765,50,,Aggregated,25.100000,0.000000,5,5,5,5,6,6,6,7,7,7,7,5622,0,5,4.911118611356056,2.9174370010878192,44.464137999966624,6657.0
1780496766,50,GET,/glossaries/,24.800000,0.000000,5,5,5,5,5,6,6,7,7,7,7,5648,0,5,4.908488129788092,2.9174370010878192,44.464137999966624,6657.0
1780496766,50,,Aggregated,24.800000,0.000000,5,5,5,5,5,6,6,7,7,7,7,5648,0,5,4.908488129788092,2.9174370010878192,44.464137999966624,6657.0
1780496767,50,GET,/glossaries/,25.400000,0.000000,5,5,5,5,5,6,6,6,7,7,7,5671,0,5,4.907433053965779,2.9174370010878192,44.464137999966624,6657.0
1780496767,50,,Aggregated,25.400000,0.000000,5,5,5,5,5,6,6,6,7,7,7,5671,0,5,4.907433053965779,2.9174370010878192,44.464137999966624,6657.0
1780496768,50,GET,/glossaries/,25.100000,0.000000,5,5,5,5,6,6,6,7,7,7,7,5700,0,5,4.9066796375502655,2.9174370010878192,44.464137999966624,6657.0
1780496768,50,,Aggregated,25.100000,0.000000,5,5,5,5,6,6,6,7,7,7,7,5700,0,5,4.9066796375502655,2.9174370010878192,44.464137999966624,6657.0
1780496769,50,GET,/glossaries/,24.100000,0.000000,5,5,5,5,5,6,6,7,7,7,7,5720,0,5,4.90609017850249,2.9174370010878192,44.464137999966624,6657.0
1780496769,50,,Aggregated,24.100000,0.000000,5,5,5,5,5,6,6,7,7,7,7,5720,0,5,4.90609017850249,2.9174370010878192,44.464137999966624,6657.0
1780496770,50,GET,/glossaries/,24.800000,0.000000,5,5,5,5,5,6,6,7,7,7,7,5748,0,5,4.903725849345521,2.9174370010878192,44.464137999966624,6657.0
1780496770,50,,Aggregated,24.800000,0.000000,5,5,5,5,5,6,6,7,7,7,7,5748,0,5,4.903725849345521,2.9174370010878192,44.464137999966624,6657.0
1780496771,50,GET,/glossaries/,24.400000,0.000000,5,5,5,5,5,6,6,7,7,7,7,5769,0,5,4.901850994286452,2.9174370010878192,44.464137999966624,6657.0
1780496771,50,,Aggregated,24.400000,0.000000,5,5,5,5,5,6,6,7,7,7,7,5769,0,5,4.901850994286452,2.9174370010878192,44.464137999966624,6657.0
1780496772,50,GET,/glossaries/,24.700000,0.000000,5,5,5,5,5,6,7,7,8,8,8,5801,0,5,4.901003466649705,2.9174370010878192,44.464137999966624,6657.0
1780496772,50,,Aggregated,24.700000,0.000000,5,5,5,5,5,6,7,7,8,8,8,5801,0,5,4.901003466649705,2.9174370010878192,44.464137999966624,6657.0
1780496773,50,GET,/glossaries/,25.000000,0.000000,5,5,5,5,6,6,7,7,8,8,8,5821,0,5,4.900122925790816,2.9174370010878192,44.464137999966624,6657.0
1780496773,50,,Aggregated,25.000000,0.000000,5,5,5,5,6,6,7,7,8,8,8,5821,0,5,4.900122925790816,2.9174370010878192,44.464137999966624,6657.0
1780496774,50,GET,/glossaries/,24.800000,0.000000,5,5,5,5,6,6,7,7,8,8,8,5845,0,5,4.89916100650667,2.9174370010878192,44.464137999966624,6657.0
1780496774,50,,Aggregated,24.800000,0.000000,5,5,5,5,6,6,7,7,8,8,8,5845,0,5,4.89916100650667,2.9174370010878192,44.464137999966624,6657.0
1780496775,50,GET,/glossaries/,24.800000,0.000000,5,5,5,5,6,6,7,7,8,8,8,5875,0,5,4.897197869452747,2.9174370010878192,44.464137999966624,6657.0
1780496775,50,,Aggregated,24.800000,0.000000,5,5,5,5,6,6,7,7,8,8,8,5875,0,5,4.897197869452747,2.9174370010878192,44.464137999966624,6657.0
1780496776,50,GET,/glossaries/,25.000000,0.000000,5,5,5,5,6,6,7,7,8,8,8,5900,0,5,4.895509426446321,2.9174370010878192,44.464137999966624,6657.0
1780496776,50,,Aggregated,25.000000,0.000000,5,5,5,5,6,6,7,7,8,8,8,5900,0,5,4.895509426446321,2.9174370010878192,44.464137999966624,6657.0
1780496777,50,GET,/glossaries/,25.200000,0.000000,5,5,5,5,6,6,7,7,8,8,8,5926,0,5,4.893378300882524,2.9174370010878192,44.464137999966624,6657.0
1780496777,50,,Aggregated,25.200000,0.000000,5,5,5,5,6,6,7,7,8,8,8,5926,0,5,4.893378300882524,2.9174370010878192,44.464137999966624,6657.0
1780496778,50,GET,/glossaries/,25.400000,0.000000,5,5,5,5,5,6,6,7,8,8,8,5947,0,5,4.891362271234206,2.9174370010878192,44.464137999966624,6657.0
1780496778,50,,Aggregated,25.400000,0.000000,5,5,5,5,5,6,6,7,8,8,8,5947,0,5,4.891362271234206,2.9174370010878192,44.464137999966624,6657.0
1780496779,50,GET,/glossaries/,25.800000,0.000000,4,5,5,5,5,6,6,7,8,8,8,5984,0,5,4.887887256521458,2.9174370010878192,44.464137999966624,6657.0
1780496779,50,,Aggregated,25.800000,0.000000,4,5,5,5,5,6,6,7,8,8,8,5984,0,5,4.887887256521458,2.9174370010878192,44.464137999966624,6657.0
1780496780,50,GET,/glossaries/,25.100000,0.000000,4,5,5,5,5,6,6,7,8,8,8,6000,0,5,4.886929618171052,2.9174370010878192,44.464137999966624,6657.0
1780496780,50,,Aggregated,25.100000,0.000000,4,5,5,5,5,6,6,7,8,8,8,6000,0,5,4.886929618171052,2.9174370010878192,44.464137999966624,6657.0
1780496781,50,GET,/glossaries/,25.700000,0.000000,4,5,5,5,5,6,6,6,7,7,7,6022,0,5,4.8860698709777575,2.9174370010878192,44.464137999966624,6657.0
1780496781,50,,Aggregated,25.700000,0.000000,4,5,5,5,5,6,6,6,7,7,7,6022,0,5,4.8860698709777575,2.9174370010878192,44.464137999966624,6657.0
1780496782,50,GET,/glossaries/,25.300000,0.000000,4,5,5,5,5,6,6,6,7,7,7,6050,0,5,4.883371654715789,2.9174370010878192,44.464137999966624,6657.0
1780496782,50,,Aggregated,25.300000,0.000000,4,5,5,5,5,6,6,6,7,7,7,6050,0,5,4.883371654715789,2.9174370010878192,44.464137999966624,6657.0
1780496783,50,GET,/glossaries/,24.900000,0.000000,4,5,5,5,5,6,6,6,6,6,6,6075,0,5,4.881071941073722,2.9174370010878192,44.464137999966624,6657.0
1780496783,50,,Aggregated,24.900000,0.000000,4,5,5,5,5,6,6,6,6,6,6,6075,0,5,4.881071941073722,2.9174370010878192,44.464137999966624,6657.0
1780496784,50,GET,/glossaries/,24.900000,0.000000,4,5,5,5,5,6,6,6,6,6,6,6093,0,5,4.8798931788980555,2.9174370010878192,44.464137999966624,6657.0
1780496784,50,,Aggregated,24.900000,0.000000,4,5,5,5,5,6,6,6,6,6,6,6093,0,5,4.8798931788980555,2.9174370010878192,44.464137999966624,6657.0
1780496785,50,GET,/glossaries/,24.800000,0.000000,4,5,5,5,5,6,6,6,7,7,7,6121,0,5,4.879798268424058,2.9174370010878192,44.464137999966624,6657.0
1780496785,50,,Aggregated,24.800000,0.000000,4,5,5,5,5,6,6,6,7,7,7,6121,0,5,4.879798268424058,2.9174370010878192,44.464137999966624,6657.0
1780496786,50,GET,/glossaries/,24.700000,0.000000,4,5,5,5,5,6,6,6,7,7,7,6147,0,5,4.877799421998199,2.8671559994108975,44.464137999966624,6657.0
1780496786,50,,Aggregated,24.700000,0.000000,4,5,5,5,5,6,6,6,7,7,7,6147,0,5,4.877799421998199,2.8671559994108975,44.464137999966624,6657.0
1780496787,50,GET,/glossaries/,24.500000,0.000000,4,5,5,5,5,6,6,6,7,7,7,6174,0,5,4.87468201409587,2.8671559994108975,44.464137999966624,6657.0
1780496787,50,,Aggregated,24.500000,0.000000,4,5,5,5,5,6,6,6,7,7,7,6174,0,5,4.87468201409587,2.8671559994108975,44.464137999966624,6657.0
1780496788,50,GET,/glossaries/,24.500000,0.000000,4,5,5,5,5,6,6,7,7,7,7,6195,0,5,4.873319165783665,2.8671559994108975,44.464137999966624,6657.0
1780496788,50,,Aggregated,24.500000,0.000000,4,5,5,5,5,6,6,7,7,7,7,6195,0,5,4.873319165783665,2.8671559994108975,44.464137999966624,6657.0
1780496789,50,GET,/glossaries/,24.500000,0.000000,4,5,5,5,5,6,7,7,11,11,11,6221,0,5,4.873423735256339,2.8671559994108975,44.464137999966624,6657.0
1780496789,50,,Aggregated,24.500000,0.000000,4,5,5,5,5,6,7,7,11,11,11,6221,0,5,4.873423735256339,2.8671559994108975,44.464137999966624,6657.0
1780496790,50,GET,/glossaries/,24.500000,0.000000,5,5,5,5,6,7,9,11,12,12,12,6250,0,5,4.881830612325575,2.8671559994108975,44.464137999966624,6657.0
1780496790,50,,Aggregated,24.500000,0.000000,5,5,5,5,6,7,9,11,12,12,12,6250,0,5,4.881830612325575,2.8671559994108975,44.464137999966624,6657.0
1780496791,50,GET,/glossaries/,24.200000,0.000000,5,5,5,5,6,7,9,11,12,12,12,6271,0,5,4.88265398804513,2.8671559994108975,44.464137999966624,6657.0
1780496791,50,,Aggregated,24.200000,0.000000,5,5,5,5,6,7,9,11,12,12,12,6271,0,5,4.88265398804513,2.8671559994108975,44.464137999966624,6657.0
1780496792,50,GET,/glossaries/,24.700000,0.000000,5,5,5,5,6,7,10,11,12,12,12,6299,0,5,4.884884109228253,2.8671559994108975,44.464137999966624,6657.0
1780496792,50,,Aggregated,24.700000,0.000000,5,5,5,5,6,7,10,11,12,12,12,6299,0,5,4.884884109228253,2.8671559994108975,44.464137999966624,6657.0
